,host,time,method,url,response,bytes
0,***.novo.dk,805465029,GET,/ksc.html,200,7067
1,***.novo.dk,805465031,GET,/images/ksclogo-medium.gif,200,5866
2,***.novo.dk,805465051,GET,/images/MOSAIC-logosmall.gif,200,363
3,***.novo.dk,805465053,GET,/images/USA-logosmall.gif,200,234
4,***.novo.dk,805465054,GET,/images/NASA-logosmall.gif,200,786
5,***.novo.dk,805465058,GET,/images/WORLD-logosmall.gif,200,669
6,***.novo.dk,805465068,GET,/shuttle/missions/missions.html,200,8678
7,***.novo.dk,805465071,GET,/images/launchmedium.gif,200,11853
8,***.novo.dk,805465153,GET,/images/KSC-logosmall.gif,200,1204
9,***.novo.dk,805465157,GET,/images/NASA-logosmall.gif,200,786
10,***.novo.dk,805465323,GET,/images/launch-logo.gif,200,1713
11,***.novo.dk,805465328,GET,/history/apollo/images/apollo-logo1.gif,200,1173
12,***.novo.dk,805465381,GET,/shuttle/resources/orbiters/columbia.html,200,6922
13,***.novo.dk,807951768,GET,/shuttle/missions/sts-69/mission-sts-69.html,200,11264
14,***.novo.dk,807951775,GET,/shuttle/missions/sts-69/sts-69-patch-small.gif,200,8083
15,***.novo.dk,807951782,GET,/images/KSC-logosmall.gif,200,1204
16,***.novo.dk,807951786,GET,/images/launch-logo.gif,200,1713
17,***.novo.dk,807951792,GET,/history/apollo/images/apollo-logo1.gif,200,1173
18,***.novo.dk,807951832,GET,/shuttle/countdown/,200,4673
19,***.novo.dk,807951848,GET,/shuttle/missions/sts-69/count69.gif,200,46053
20,***.novo.dk,807951864,GET,/images/NASA-logosmall.gif,200,786
21,***.novo.dk,807951907,GET,/htbin/cdt_main.pl,200,3714
22,***.novo.dk,807951914,GET,/shuttle/countdown/images/countclock.gif,200,13994
23,***.novo.dk,807951938,GET,/shuttle/countdown/liftoff.html,200,4665
24,***.novo.dk,807951981,GET,/shuttle/countdown/video/livevideo2.gif,200,69067
25,***.novo.dk,807952044,GET,/htbin/cdt_clock.pl,200,543
26,***.novo.dk,807952060,GET,/shuttle/countdown/lps/fr.html,200,1879
27,***.novo.dk,807952078,GET,/shuttle/countdown/lps/fr.gif,200,30232
28,***.novo.dk,807952102,GET,/shuttle/countdown/lps/back.gif,200,1289
29,001.msy4.communique.net,809765747,GET,/software/winvn/winvn.html,200,9630
30,001.msy4.communique.net,809765749,GET,/software/winvn/winvn.gif,200,25218
31,001.msy4.communique.net,809765749,GET,/software/winvn/bluemarb.gif,200,4441
32,001.msy4.communique.net,809765750,GET,/software/winvn/wvsmall.gif,200,13372
33,001.msy4.communique.net,809765753,GET,/images/KSC-logosmall.gif,200,1204
34,001.msy4.communique.net,809765761,GET,/images/MOSAIC-logosmall.gif,200,363
35,001.msy4.communique.net,809765763,GET,/images/USA-logosmall.gif,200,234
36,001.msy4.communique.net,809765764,GET,/images/WORLD-logosmall.gif,200,669
37,007.thegap.com,805065755,GET,/shuttle/countdown/,200,3998
38,007.thegap.com,805065760,GET,/shuttle/countdown/count.gif,200,40310
39,007.thegap.com,805065766,GET,/images/NASA-logosmall.gif,200,786
40,007.thegap.com,805065767,GET,/images/KSC-logosmall.gif,200,1204
41,007.thegap.com,805065868,GET,/shuttle/missions/sts-71/mission-sts-71.html,200,12722
42,007.thegap.com,805065872,GET,/shuttle/missions/sts-71/sts-71-patch-small.gif,200,12054
43,007.thegap.com,805065899,GET,/images/launch-logo.gif,200,1713
44,007.thegap.com,805066115,GET,/shuttle/missions/sts-71/mission-sts-71.html,200,12722
45,007.thegap.com,805066479,GET,/shuttle/missions/sts-71/sts-71-patch.jpg,200,203429
46,007.thegap.com,805066664,GET,/shuttle/missions/sts-71/images/images.html,200,7634
47,007.thegap.com,805067040,GET,/shuttle/missions/sts-71/images/index71.gif,200,98304
48,007.thegap.com,805072924,GET,/shuttle/countdown/,200,3998
49,007.thegap.com,805072928,GET,/shuttle/countdown/count.gif,200,40310
50,007.thegap.com,805072932,GET,/images/NASA-logosmall.gif,200,786
51,007.thegap.com,805072934,GET,/images/KSC-logosmall.gif,200,1204
52,007.thegap.com,805073006,GET,/shuttle/countdown/tour.html,200,4347
53,007.thegap.com,805073009,GET,/images/KSC-94EC-412-small.gif,200,20484
54,007.thegap.com,805073768,GET,/images/shuttle-patch-logo.gif,200,891
55,007.thegap.com,805337998,GET,/shuttle/,200,957
56,007.thegap.com,805338000,GET,/icons/menu.xbm,200,527
57,007.thegap.com,805338001,GET,/icons/blank.xbm,200,509
58,007.thegap.com,805338010,GET,/shuttle/missions/,200,12283
59,007.thegap.com,805338013,GET,/icons/text.xbm,200,527
60,007.thegap.com,805338050,GET,/icons/image.xbm,200,509
61,007.thegap.com,805338117,GET,/,200,7067
62,007.thegap.com,805338124,GET,/images/ksclogo-medium.gif,200,5866
63,007.thegap.com,806532047,GET,/shuttle/countdown/,200,4324
64,007.thegap.com,806532057,GET,/images/NASA-logosmall.gif,200,786
65,007.thegap.com,806532057,GET,/images/KSC-logosmall.gif,200,1204
66,007.thegap.com,806532074,GET,/shuttle/countdown/count70.gif,200,46573
67,007.thegap.com,807996988,GET,/shuttle/countdown/,200,4673
68,007.thegap.com,807996997,GET,/images/NASA-logosmall.gif,200,786
69,007.thegap.com,807996997,GET,/images/KSC-logosmall.gif,200,1204
70,007.thegap.com,807997007,GET,/shuttle/missions/sts-69/count69.gif,200,46053
71,01-dynamic-c.wokingham.luna.net,804944219,GET,/shuttle/missions/sts-71/movies/movies.html,200,3089
72,01-dynamic-c.wokingham.luna.net,804944225,GET,/shuttle/missions/sts-71/sts-71-patch-small.gif,200,12054
73,01-dynamic-c.wokingham.luna.net,804946595,GET,/shuttle/missions/sts-71/movies/sts-71-launch.mpg,200,1121554
74,01-dynamic-c.wokingham.luna.net,805378659,GET,/,200,7067
75,01-dynamic-c.wokingham.luna.net,805378666,GET,/images/ksclogo-medium.gif,200,5866
76,01-dynamic-c.wokingham.luna.net,805378668,GET,/images/USA-logosmall.gif,200,234
77,01-dynamic-c.wokingham.luna.net,805378670,GET,/images/WORLD-logosmall.gif,200,669
78,01-dynamic-c.wokingham.luna.net,805378672,GET,/images/MOSAIC-logosmall.gif,200,363
79,01-dynamic-c.wokingham.luna.net,805378672,GET,/images/NASA-logosmall.gif,200,786
80,01-dynamic-c.wokingham.luna.net,805378707,GET,/history/history.html,200,1602
81,01-dynamic-c.wokingham.luna.net,805378709,GET,/history/apollo/images/apollo-small.gif,200,9630
82,01-dynamic-c.wokingham.luna.net,805378710,GET,/images/KSC-logosmall.gif,200,1204
83,01-dynamic-c.wokingham.luna.net,805378737,GET,/shuttle/missions/missions.html,200,8678
84,01-dynamic-c.wokingham.luna.net,805378739,GET,/images/launchmedium.gif,200,11853
85,01-dynamic-c.wokingham.luna.net,805541614,GET,/shuttle/missions/sts-71/mission-sts-71.html,200,13374
86,01-dynamic-c.wokingham.luna.net,805541619,GET,/shuttle/missions/sts-71/sts-71-patch-small.gif,200,12054
87,01-dynamic-c.wokingham.luna.net,805541627,GET,/images/KSC-logosmall.gif,200,1204
88,01-dynamic-c.wokingham.luna.net,805541628,GET,/history/apollo/images/apollo-logo1.gif,200,1173
89,01-dynamic-c.wokingham.luna.net,805541628,GET,/images/launch-logo.gif,200,1713
90,01-dynamic-c.wokingham.luna.net,806878944,GET,/ksc.html,200,7280
91,01-dynamic-c.wokingham.luna.net,806878947,GET,/images/ksclogo-medium.gif,304,0
92,01-dynamic-c.wokingham.luna.net,806878949,GET,/images/NASA-logosmall.gif,304,0
93,01-dynamic-c.wokingham.luna.net,806878949,GET,/images/MOSAIC-logosmall.gif,304,0
94,01-dynamic-c.wokingham.luna.net,806878949,GET,/images/USA-logosmall.gif,304,0
95,01-dynamic-c.wokingham.luna.net,806878949,GET,/images/WORLD-logosmall.gif,304,0
96,01-dynamic-c.wokingham.luna.net,806878955,GET,/shuttle/countdown/,304,0
97,01-dynamic-c.wokingham.luna.net,806878956,GET,/images/KSC-logosmall.gif,304,0
98,01-dynamic-c.wokingham.luna.net,806878961,GET,/shuttle/countdown/count70.gif,200,46573
99,01-dynamic-c.wokingham.luna.net,809568530,GET,/shuttle/countdown/countdown.html,200,4745
100,01-dynamic-c.wokingham.luna.net,809568543,GET,/htbin/cdt_main.pl,200,3714
101,01-dynamic-c.wokingham.luna.net,809568546,GET,/shuttle/countdown/images/countclock.gif,200,13994
102,01-dynamic-c.wokingham.luna.net,809568779,GET,/shuttle/countdown/count.html,200,73231
103,01-dynamic-c.wokingham.luna.net,809568954,GET,/shuttle/countdown/lps/back.gif,200,1289
104,01-dynamic-c.wokingham.luna.net,809569114,GET,/shuttle/countdown/liftoff.html,200,6980
105,01-dynamic-c.wokingham.luna.net,809570198,GET,/shuttle/countdown/lps/fr.html,200,1879
106,01-dynamic-c.wokingham.luna.net,809570200,GET,/shuttle/countdown/lps/fr.gif,200,30232
107,01-dynamic-c.wokingham.luna.net,809570200,GET,/shuttle/countdown/lps/back.gif,200,1289
108,01-dynamic-c.wokingham.luna.net,809570227,GET,/htbin/cdt_main.pl,200,3714
109,01-dynamic-c.wokingham.luna.net,809570229,GET,/shuttle/countdown/images/countclock.gif,304,0
110,01-dynamic-c.wokingham.luna.net,809570230,GET,/images/NASA-logosmall.gif,304,0
111,01-dynamic-c.wokingham.luna.net,809570242,GET,/facilities/lcc.html,200,2489
112,01-dynamic-c.wokingham.luna.net,809570244,GET,/images/ksclogosmall.gif,200,3635
113,01-dynamic-c.wokingham.luna.net,809570244,GET,/images/kscmap-tiny.gif,200,2537
114,01-dynamic-c.wokingham.luna.net,809570256,GET,/images/lcc-small2.gif,200,58026
115,01-dynamic-c.wokingham.luna.net,809570261,GET,/facilities/tour.html,200,3826
116,01-dynamic-c.wokingham.luna.net,809570264,GET,/images/KSC-logosmall.gif,304,0
117,01-dynamic-c.wokingham.luna.net,809570264,GET,/images/kscmap-small.gif,200,39017
118,01-dynamic-c.wokingham.luna.net,809570395,GET,/htbin/cdt_main.pl,200,3714
119,01-dynamic-c.wokingham.luna.net,809570519,GET,/htbin/cdt_main.pl,200,3714
120,01-dynamic-c.wokingham.luna.net,809570645,GET,/htbin/cdt_main.pl,200,3714
121,01-dynamic-c.wokingham.luna.net,809570770,GET,/htbin/cdt_main.pl,200,3714
122,01-dynamic-c.wokingham.luna.net,809570893,GET,/htbin/cdt_main.pl,200,3714
123,01-dynamic-c.wokingham.luna.net,809571015,GET,/htbin/cdt_main.pl,200,3714
124,01-dynamic-c.wokingham.luna.net,809571139,GET,/htbin/cdt_main.pl,200,3714
125,01-dynamic-c.wokingham.luna.net,809571363,GET,/htbin/cdt_main.pl,200,3714
126,01.ts01.zircon.net.au,808994766,GET,/facts/faq04.html,200,27063
127,01.ts01.zircon.net.au,808994827,GET,/images/ksclogosmall.gif,200,3635
128,01.ts01.zircon.net.au,808994837,GET,/images/faq.gif,200,263
129,02-17-05.comsvc.calpoly.edu,809622156,GET,/shuttle/missions/sts-65/sts-65-patch-small.gif,200,11757
130,02-17-05.comsvc.calpoly.edu,809622206,GET,/shuttle/missions/sts-65/mission-sts-65.html,200,131166
131,02-17-05.comsvc.calpoly.edu,809622235,GET,/images/KSC-logosmall.gif,200,1204
132,02-17-05.comsvc.calpoly.edu,809622235,GET,/history/apollo/images/apollo-logo1.gif,200,1173
133,02-17-05.comsvc.calpoly.edu,809622235,GET,/images/launch-logo.gif,200,1713
134,02-dynamic-c.wokingham.luna.net,805118277,GET,/,200,7067
135,02-dynamic-c.wokingham.luna.net,805118278,GET,/images/ksclogo-medium.gif,200,5866
136,02-dynamic-c.wokingham.luna.net,805118284,GET,/images/NASA-logosmall.gif,200,786
137,02-dynamic-c.wokingham.luna.net,805118284,GET,/images/MOSAIC-logosmall.gif,200,363
138,02-dynamic-c.wokingham.luna.net,805118285,GET,/images/USA-logosmall.gif,200,234
139,02-dynamic-c.wokingham.luna.net,805118286,GET,/images/WORLD-logosmall.gif,200,669
140,02-dynamic-c.wokingham.luna.net,805118350,GET,/shuttle/missions/sts-68/ksc-srl-image.html,200,1404
141,02-dynamic-c.wokingham.luna.net,805118510,GET,/shuttle/missions/sts-68/images/ksc.gif,200,152676
142,02-dynamic-c.wokingham.luna.net,805118799,GET,/shuttle/missions/sts-68/images/ksc-upclose.gif,200,86984
143,023.msy4.communique.net,809316617,GET,/shuttle/missions/sts-64/sts-64-patch-small.gif,200,15980
144,023.msy4.communique.net,809316635,GET,/shuttle/missions/sts-64/mission-sts-64.html,200,58811
145,03-dynamic-c.wokingham.luna.net,804875586,GET,/shuttle/missions/sts-70/mission-sts-70.html,200,13469
146,03-dynamic-c.wokingham.luna.net,804875588,GET,/shuttle/missions/sts-70/sts-70-patch-small.gif,200,5026
147,03-dynamic-c.wokingham.luna.net,804875595,GET,/images/launch-logo.gif,200,1713
148,03-dynamic-c.wokingham.luna.net,804875595,GET,/images/KSC-logosmall.gif,200,1204
149,03-dynamic-c.wokingham.luna.net,804875603,GET,/shuttle/missions/sts-71/mission-sts-71.html,200,12451
150,03-dynamic-c.wokingham.luna.net,804875620,GET,/shuttle/missions/sts-71/sts-71-patch-small.gif,200,12054
151,03-dynamic-c.wokingham.luna.net,804875654,GET,/images/KSC-logosmall.gif,200,1204
152,03-dynamic-c.wokingham.luna.net,804875729,GET,/shuttle/countdown/,200,3985
153,03-dynamic-c.wokingham.luna.net,804875733,GET,/images/NASA-logosmall.gif,200,786
154,03-dynamic-c.wokingham.luna.net,804875736,GET,/shuttle/countdown/count.gif,200,40310
155,03-dynamic-c.wokingham.luna.net,804875770,GET,/shuttle/missions/sts-71/movies/movies.html,200,3089
156,03-dynamic-c.wokingham.luna.net,804876686,GET,/shuttle/missions/sts-71/movies/sts-71-launch.mpg,200,696320
157,03-dynamic-c.wokingham.luna.net,806281337,GET,/shuttle/missions/sts-70/mission-sts-70.html,200,16020
158,03-dynamic-c.wokingham.luna.net,806281343,GET,/shuttle/resources/orbiters/discovery.html,200,6849
159,03-dynamic-c.wokingham.luna.net,806281349,GET,/shuttle/resources/orbiters/endeavour.html,200,6168
160,03-dynamic-c.wokingham.luna.net,807924662,GET,/shuttle/missions/sts-69/mission-sts-69.html,200,11264
161,03-dynamic-c.wokingham.luna.net,807924664,GET,/shuttle/missions/sts-69/sts-69-patch-small.gif,200,8083
162,03-dynamic-c.wokingham.luna.net,807924667,GET,/images/launch-logo.gif,200,1713
163,03-dynamic-c.wokingham.luna.net,807924667,GET,/history/apollo/images/apollo-logo1.gif,200,1173
164,03-dynamic-c.wokingham.luna.net,807924671,GET,/images/KSC-logosmall.gif,200,1204
165,03-dynamic-c.wokingham.luna.net,807924848,GET,/shuttle/countdown/,200,4673
166,03-dynamic-c.wokingham.luna.net,807924851,GET,/images/NASA-logosmall.gif,200,786
167,03-dynamic-c.wokingham.luna.net,807924855,GET,/shuttle/missions/sts-69/count69.gif,200,46053
168,03-dynamic-c.wokingham.luna.net,807924903,GET,/htbin/cdt_main.pl,200,3714
169,03-dynamic-c.wokingham.luna.net,807924905,GET,/shuttle/countdown/images/countclock.gif,200,13994
170,03-dynamic-c.wokingham.luna.net,807924943,GET,/htbin/cdt_main.pl,200,3714
171,03-dynamic-c.wokingham.luna.net,807924945,GET,/shuttle/countdown/images/countclock.gif,304,0
172,03-dynamic-c.wokingham.luna.net,807924947,GET,/images/NASA-logosmall.gif,304,0
173,03-dynamic-c.wokingham.luna.net,807924951,GET,/shuttle/countdown/liftoff.html,200,4665
174,03-dynamic-c.wokingham.luna.net,807924967,GET,/shuttle/countdown/video/livevideo2.gif,200,69067
175,03-dynamic-c.wokingham.luna.net,807924987,GET,/htbin/cdt_clock.pl,200,543
176,03-dynamic-c.wokingham.luna.net,807925000,GET,/shuttle/countdown/video/livevideo.jpeg,200,45335
177,03-dynamic-c.wokingham.luna.net,807925030,GET,/shuttle/countdown/video/livevideo.jpeg,200,43332
178,03-dynamic-c.wokingham.luna.net,807925054,GET,/shuttle/countdown/video/livevideo.jpeg,200,39609
179,03-dynamic-c.wokingham.luna.net,807925070,GET,/shuttle/countdown/video/livevideo.jpeg,200,39962
180,03-dynamic-c.wokingham.luna.net,807925086,GET,/shuttle/countdown/video/livevideo.jpeg,200,39962
181,03-dynamic-c.wokingham.luna.net,807925108,GET,/shuttle/countdown/video/livevideo.jpeg,200,43779
182,03-dynamic-c.wokingham.luna.net,807925112,GET,/shuttle/countdown/video/livevideo.jpeg,200,43779
183,03-dynamic-c.wokingham.luna.net,807925116,GET,/shuttle/countdown/video/livevideo.jpeg,200,43779
184,03-dynamic-c.wokingham.luna.net,807925127,GET,/shuttle/countdown/video/livevideo.jpeg,200,43756
185,03-dynamic-c.wokingham.luna.net,807925142,GET,/shuttle/countdown/video/livevideo.jpeg,304,0
186,03-dynamic-c.wokingham.luna.net,807925148,GET,/shuttle/countdown/video/livevideo.jpeg,200,40826
187,03-dynamic-c.wokingham.luna.net,807925164,GET,/shuttle/countdown/video/livevideo.jpeg,304,0
188,03-dynamic-c.wokingham.luna.net,807925167,GET,/shuttle/countdown/video/livevideo.jpeg,304,0
189,03-dynamic-c.wokingham.luna.net,807925170,GET,/shuttle/countdown/video/livevideo.jpeg,304,0
190,03-dynamic-c.wokingham.luna.net,807925173,GET,/shuttle/countdown/video/livevideo.jpeg,304,0
191,03-dynamic-c.wokingham.luna.net,807925175,GET,/shuttle/countdown/video/livevideo.jpeg,304,0
192,03-dynamic-c.wokingham.luna.net,807925178,GET,/shuttle/countdown/video/livevideo.jpeg,200,37436
193,03-dynamic-c.wokingham.luna.net,807925428,GET,/shuttle/missions/sts-69/images/images.html,200,2443
194,03-dynamic-c.wokingham.luna.net,807925447,GET,/shuttle/missions/sts-69/images/KSC-95EC-0694.gif,200,34657
195,03-dynamic-c.wokingham.luna.net,808796294,GET,/htbin/cdt_clock.pl,200,543
196,03-dynamic-c.wokingham.luna.net,808796296,GET,/images/NASA-logosmall.gif,200,786
197,0321jona.jon.rpslmc.edu,809687222,GET,/history/apollo/apollo.html,200,3260
198,0321jona.jon.rpslmc.edu,809687226,GET,/history/apollo/images/footprint-small.gif,200,18149
199,0321jona.jon.rpslmc.edu,809687234,GET,/images/KSC-logosmall.gif,200,1204
200,0321jona.jon.rpslmc.edu,809687234,GET,/history/apollo/images/apollo-logo1.gif,200,1173
201,0321jona.jon.rpslmc.edu,809687247,GET,/history/apollo/images/footprint-small.gif,200,18149
202,0321jona.jon.rpslmc.edu,809687270,GET,/history/apollo/apollo-13/apollo-13.html,200,18556
203,0321jona.jon.rpslmc.edu,809687274,GET,/history/apollo/apollo-13/apollo-13-patch-small.gif,200,12859
204,0321jona.jon.rpslmc.edu,809687284,GET,/history/apollo/images/footprint-small.gif,200,18149
205,0321jona.jon.rpslmc.edu,809687291,GET,/history/apollo/apollo-9/apollo-9.html,200,3526
206,0321jona.jon.rpslmc.edu,809687293,GET,/history/apollo/apollo-9/apollo-9-patch-small.gif,200,11236
207,0321jona.jon.rpslmc.edu,809687296,GET,/images/ksclogosmall.gif,200,3635
208,0321jona.jon.rpslmc.edu,809687296,GET,/history/apollo/images/footprint-logo.gif,200,4209
209,0321jona.jon.rpslmc.edu,809687332,GET,/history/apollo/images/footprint-small.gif,200,18149
210,0321jona.jon.rpslmc.edu,809687349,GET,/history/apollo/apollo-10/apollo-10.html,200,3592
211,0321jona.jon.rpslmc.edu,809687352,GET,/history/apollo/apollo-10/apollo-10-patch-small.gif,200,13539
212,0321jona.jon.rpslmc.edu,809687362,GET,/facilities/mlp.html,200,2653
213,0321jona.jon.rpslmc.edu,809687364,GET,/images/mlp-logo.gif,200,28426
214,0321jona.jon.rpslmc.edu,809687368,GET,/images/kscmap-tiny.gif,200,2537
215,0321jona.jon.rpslmc.edu,809687403,GET,/history/apollo/images/footprint-small.gif,200,18149
216,0321jona.jon.rpslmc.edu,809687455,GET,/history/skylab/skylab.html,200,1687
217,0321jona.jon.rpslmc.edu,809687458,GET,/history/skylab/skylab-small.gif,200,9202
218,0321jona.jon.rpslmc.edu,809687458,GET,/history/apollo/images/apollo-logo.gif,200,3047
219,0321jona.jon.rpslmc.edu,809687485,GET,/history/history.html,200,1602
220,0321jona.jon.rpslmc.edu,809687487,GET,/history/apollo/images/apollo-small.gif,200,9630
221,0321jona.jon.rpslmc.edu,809687488,GET,/images/NASA-logosmall.gif,200,786
222,0321jona.jon.rpslmc.edu,809687502,GET,/history/apollo/images/footprint-small.gif,200,18149
223,0321jona.jon.rpslmc.edu,809687515,GET,/history/rocket-history.txt,200,26990
224,0321jona.jon.rpslmc.edu,809687575,GET,/history/apollo/images/apollo.gif,200,28847
225,0321jona.jon.rpslmc.edu,809694901,GET,/history/skylab/skylab-logo.gif,200,3274
226,0321jona.jon.rpslmc.edu,809694930,GET,/history/skylab/skylab-logo.gif,200,3274
227,033.msy4.communique.net,808808611,GET,/shuttle/missions/sts-66/sts-66-patch-small.gif,200,20271
228,033.msy4.communique.net,808808644,GET,/shuttle/missions/sts-66/mission-sts-66.html,200,90112
229,04-dynamic-c.rotterdam.luna.net,804822998,GET,/shuttle/missions/sts-70/mission-sts-70.html,200,13468
230,04-dynamic-c.rotterdam.luna.net,804823000,GET,/shuttle/missions/sts-70/sts-70-patch-small.gif,200,5026
231,04-dynamic-c.rotterdam.luna.net,804823003,GET,/images/launch-logo.gif,200,1713
232,04-dynamic-c.rotterdam.luna.net,804823003,GET,/images/KSC-logosmall.gif,200,1204
233,04-dynamic-c.rotterdam.luna.net,804823027,GET,/shuttle/resources/orbiters/discovery.html,200,6861
234,04-dynamic-c.rotterdam.luna.net,804823029,GET,/shuttle/resources/orbiters/discovery-logo.gif,200,4179
235,04-dynamic-c.rotterdam.luna.net,804823031,GET,/shuttle/resources/orbiters/orbiters-logo.gif,200,1932
236,04-dynamic-c.rotterdam.luna.net,804823031,GET,/images/ksclogosmall.gif,200,3635
237,04-dynamic-c.rotterdam.luna.net,804823116,GET,/ksc.html,200,7074
238,04-dynamic-c.rotterdam.luna.net,804823118,GET,/images/ksclogo-medium.gif,200,5866
239,04-dynamic-c.rotterdam.luna.net,804823120,GET,/images/NASA-logosmall.gif,200,786
240,04-dynamic-c.rotterdam.luna.net,804823120,GET,/images/MOSAIC-logosmall.gif,200,363
241,04-dynamic-c.rotterdam.luna.net,804823120,GET,/images/USA-logosmall.gif,200,234
242,04-dynamic-c.rotterdam.luna.net,804823123,GET,/images/WORLD-logosmall.gif,200,669
243,04-dynamic-c.rotterdam.luna.net,804823133,GET,/shuttle/countdown/,200,3985
244,04-dynamic-c.rotterdam.luna.net,804823136,GET,/shuttle/countdown/count.gif,200,40310
245,04-dynamic-c.rotterdam.luna.net,804823170,GET,/shuttle/missions/sts-71/mission-sts-71.html,200,12418
246,04-dynamic-c.rotterdam.luna.net,804823172,GET,/shuttle/missions/sts-71/sts-71-patch-small.gif,200,12054
247,04-dynamic-c.rotterdam.luna.net,804823275,GET,/htbin/wais.pl?IMAX,200,6923
248,04-dynamic-c.wokingham.luna.net,804889358,GET,/ksc.html,200,7074
249,04-dynamic-c.wokingham.luna.net,804889363,GET,/images/NASA-logosmall.gif,200,786
250,04-dynamic-c.wokingham.luna.net,804889363,GET,/images/USA-logosmall.gif,200,234
251,04-dynamic-c.wokingham.luna.net,804889363,GET,/images/MOSAIC-logosmall.gif,200,363
252,04-dynamic-c.wokingham.luna.net,804889365,GET,/images/WORLD-logosmall.gif,200,669
253,04-dynamic-c.wokingham.luna.net,804889367,GET,/images/ksclogo-medium.gif,200,5866
254,04-dynamic-c.wokingham.luna.net,804889383,GET,/shuttle/missions/missions.html,200,8677
255,04-dynamic-c.wokingham.luna.net,804889386,GET,/images/launchmedium.gif,200,11853
256,04-dynamic-c.wokingham.luna.net,804889398,GET,/images/KSC-logosmall.gif,200,1204
257,04-dynamic-c.wokingham.luna.net,804889428,GET,/shuttle/missions/sts-71/mission-sts-71.html,200,12451
258,04-dynamic-c.wokingham.luna.net,804889432,GET,/shuttle/missions/sts-71/sts-71-patch-small.gif,200,12054
259,04-dynamic-c.wokingham.luna.net,804889461,GET,/images/KSC-logosmall.gif,200,1204
260,04-dynamic-c.wokingham.luna.net,804889462,GET,/images/launch-logo.gif,200,1713
261,04-dynamic-c.wokingham.luna.net,804889590,GET,/shuttle/missions/100th.html,200,32303
262,04-dynamic-c.wokingham.luna.net,804889637,GET,/shuttle/resources/orbiters/challenger.html,200,8089
263,04-dynamic-c.wokingham.luna.net,804889641,GET,/shuttle/resources/orbiters/challenger-logo.gif,200,4179
264,04-dynamic-c.wokingham.luna.net,804889644,GET,/images/ksclogosmall.gif,200,3635
265,04-dynamic-c.wokingham.luna.net,804889644,GET,/shuttle/resources/orbiters/orbiters-logo.gif,200,1932
266,04-dynamic-c.wokingham.luna.net,804889691,GET,/shuttle/missions/51-l/mission-51-l.html,200,6720
267,04-dynamic-c.wokingham.luna.net,804889693,GET,/shuttle/missions/51-l/51-l-patch-small.gif,200,10495
268,04-dynamic-c.wokingham.luna.net,804889774,GET,/shuttle/countdown/,200,3985
269,04-dynamic-c.wokingham.luna.net,804889782,GET,/shuttle/countdown/count.gif,200,40310
270,04-dynamic-c.wokingham.luna.net,804889820,GET,/shuttle/missions/sts-71/movies/movies.html,200,3089
271,04-dynamic-c.wokingham.luna.net,804889939,GET,/shuttle/missions/sts-71/movies/sts-71-launch-3.mpg,200,65536
272,04-dynamic-c.wokingham.luna.net,804889996,GET,/shuttle/missions/sts-71/movies/crew-arrival-t38.mpg,200,73728
273,04-dynamic-c.wokingham.luna.net,808950256,GET,/,200,7131
274,04-dynamic-c.wokingham.luna.net,808950258,GET,/images/ksclogo-medium.gif,200,5866
275,04-dynamic-c.wokingham.luna.net,808950261,GET,/images/NASA-logosmall.gif,200,786
276,04-dynamic-c.wokingham.luna.net,808950262,GET,/images/MOSAIC-logosmall.gif,200,363
277,04-dynamic-c.wokingham.luna.net,808950262,GET,/images/USA-logosmall.gif,200,234
278,04-dynamic-c.wokingham.luna.net,808950264,GET,/images/WORLD-logosmall.gif,200,669
279,049.215.goodnet.com,808881630,GET,/shuttle/missions/missions.html,200,8677
280,049.215.goodnet.com,808881632,GET,/images/launchmedium.gif,200,11853
281,049.215.goodnet.com,808881633,GET,/images/NASA-logosmall.gif,200,786
282,049.215.goodnet.com,808881633,GET,/images/KSC-logosmall.gif,200,1204
283,049.215.goodnet.com,808881647,GET,/images/launch-logo.gif,200,1713
284,049.215.goodnet.com,808881647,GET,/history/apollo/images/apollo-logo1.gif,200,1173
285,05-dynamic-c.rotterdam.luna.net,804937055,GET,/shuttle/missions/missions.html,200,8677
286,05-dynamic-c.rotterdam.luna.net,804937063,GET,/images/launchmedium.gif,200,11853
287,05-dynamic-c.rotterdam.luna.net,804937160,GET,/shuttle/missions/missions.html,200,8677
288,05-dynamic-c.rotterdam.luna.net,804937168,GET,/images/launchmedium.gif,200,11853
289,05-dynamic-c.rotterdam.luna.net,804937233,GET,/images/NASA-logosmall.gif,304,0
290,05-dynamic-c.rotterdam.luna.net,804937233,GET,/images/KSC-logosmall.gif,304,0
291,05-dynamic-c.rotterdam.luna.net,804937246,GET,/shuttle/missions/sts-67/mission-sts-67.html,200,21385
292,05-dynamic-c.rotterdam.luna.net,804937255,GET,/shuttle/missions/sts-67/sts-67-patch-small.gif,200,17083
293,05-dynamic-c.rotterdam.luna.net,804937299,GET,/shuttle/missions/sts-71/mission-sts-71.html,200,12451
294,05-dynamic-c.rotterdam.luna.net,804937308,GET,/shuttle/missions/sts-71/sts-71-patch-small.gif,200,12054
295,05-dynamic-c.rotterdam.luna.net,804937367,GET,/shuttle/countdown/,304,0
296,05-dynamic-c.rotterdam.luna.net,804937380,GET,/shuttle/countdown/count.gif,200,40310
297,05-dynamic-c.rotterdam.luna.net,805017399,GET,/shuttle/missions/sts-63/sts-63-patch-small.gif,200,16102
298,05-dynamic-c.rotterdam.luna.net,805017420,GET,/icons/blank.xbm,200,509
299,05-dynamic-c.rotterdam.luna.net,805017420,GET,/icons/menu.xbm,200,527
300,05-dynamic-c.rotterdam.luna.net,805017436,GET,/icons/image.xbm,200,509
301,05-dynamic-c.rotterdam.luna.net,805017436,GET,/icons/text.xbm,200,527
302,05-dynamic-c.wokingham.luna.net,805831784,GET,/,200,7071
303,05-dynamic-c.wokingham.luna.net,805831787,GET,/images/ksclogo-medium.gif,200,5866
304,05-dynamic-c.wokingham.luna.net,805831798,GET,/images/NASA-logosmall.gif,200,786
305,05-dynamic-c.wokingham.luna.net,805831798,GET,/images/MOSAIC-logosmall.gif,200,363
306,05-dynamic-c.wokingham.luna.net,805831798,GET,/images/USA-logosmall.gif,200,234
307,05-dynamic-c.wokingham.luna.net,805831799,GET,/images/WORLD-logosmall.gif,200,669
308,05-dynamic-c.wokingham.luna.net,805831855,GET,/shuttle/missions/sts-71/images/images.html,200,8529
309,05-dynamic-c.wokingham.luna.net,805832051,GET,/shuttle/missions/sts-71/images/KSC-95EC-0912.gif,200,48305
310,05-dynamic-c.wokingham.luna.net,808702722,GET,/,200,7131
311,05-dynamic-c.wokingham.luna.net,808702725,GET,/images/ksclogo-medium.gif,200,5866
312,05-dynamic-c.wokingham.luna.net,808702730,GET,/images/NASA-logosmall.gif,200,786
313,05-dynamic-c.wokingham.luna.net,808702730,GET,/images/MOSAIC-logosmall.gif,200,363
314,05-dynamic-c.wokingham.luna.net,808702730,GET,/images/USA-logosmall.gif,200,234
315,05-dynamic-c.wokingham.luna.net,808702730,GET,/images/WORLD-logosmall.gif,200,669
316,05-dynamic-c.wokingham.luna.net,808702778,GET,/shuttle/countdown/,200,4673
317,05-dynamic-c.wokingham.luna.net,808702785,GET,/shuttle/missions/sts-69/count69.gif,200,46053
318,05-dynamic-c.wokingham.luna.net,808702826,GET,/images/KSC-logosmall.gif,200,1204
319,05-dynamic-c.wokingham.luna.net,808702837,GET,/shuttle/countdown/,200,4673
320,05-dynamic-c.wokingham.luna.net,808702856,GET,/shuttle/missions/sts-69/count69.gif,200,46053
321,05-dynamic-c.wokingham.luna.net,808702871,GET,/images/NASA-logosmall.gif,200,786
322,05-dynamic-c.wokingham.luna.net,808702871,GET,/images/KSC-logosmall.gif,200,1204
323,05-dynamic-c.wokingham.luna.net,808702888,GET,/shuttle/countdown/,200,4673
324,05-dynamic-c.wokingham.luna.net,808702894,GET,/shuttle/missions/sts-69/count69.gif,200,46053
325,05-dynamic-c.wokingham.luna.net,808702908,GET,/images/NASA-logosmall.gif,200,786
326,05-dynamic-c.wokingham.luna.net,808702908,GET,/images/KSC-logosmall.gif,200,1204
327,05-dynamic-c.wokingham.luna.net,808703096,GET,/shuttle/missions/sts-69/mission-sts-69.html,200,11996
328,05-dynamic-c.wokingham.luna.net,808703099,GET,/shuttle/missions/sts-69/sts-69-patch-small.gif,200,8083
329,05-dynamic-c.wokingham.luna.net,808703111,GET,/images/launch-logo.gif,200,1713
330,05-dynamic-c.wokingham.luna.net,808703111,GET,/history/apollo/images/apollo-logo1.gif,200,1173
331,05-dynamic-c.wokingham.luna.net,808703238,GET,/shuttle/missions/sts-69/liftoff.html,200,5146
332,05-dynamic-c.wokingham.luna.net,808703256,GET,/shuttle/countdown/video/livevideo2.gif,200,65536
333,05-dynamic-c.wokingham.luna.net,808703264,GET,/htbin/cdt_clock.pl,200,543
334,05-dynamic-c.wokingham.luna.net,808703291,GET,/shuttle/countdown/video/livevideo2.gif,200,69067
335,052.215.goodnet.com,809297523,GET,/,200,7089
336,052.215.goodnet.com,809297524,GET,/images/ksclogo-medium.gif,200,5866
337,052.215.goodnet.com,809297525,GET,/images/NASA-logosmall.gif,200,786
338,052.215.goodnet.com,809297525,GET,/images/MOSAIC-logosmall.gif,200,363
339,052.215.goodnet.com,809297525,GET,/images/USA-logosmall.gif,200,234
340,052.215.goodnet.com,809297526,GET,/images/WORLD-logosmall.gif,200,669
341,052.215.goodnet.com,809394791,GET,/history/apollo/apollo-13/apollo-13.html,200,18556
342,052.215.goodnet.com,809394792,GET,/history/apollo/apollo-13/apollo-13-patch-small.gif,200,12859
343,052.215.goodnet.com,809394796,GET,/images/ksclogosmall.gif,200,3635
344,052.215.goodnet.com,809394796,GET,/history/apollo/images/footprint-logo.gif,200,4209
345,052.215.goodnet.com,809394891,GET,/history/apollo/apollo-13/apollo-13-info.html,200,1583
346,052.215.goodnet.com,809394904,GET,/history/apollo/apollo-13/images/,200,1851
347,052.215.goodnet.com,809394905,GET,/icons/blank.xbm,200,509
348,052.215.goodnet.com,809394905,GET,/icons/menu.xbm,200,527
349,052.215.goodnet.com,809394905,GET,/icons/image.xbm,200,509
350,052.215.goodnet.com,809394909,GET,/history/apollo/apollo-13/,200,1732
351,052.215.goodnet.com,809394910,GET,/icons/text.xbm,200,527
352,052.215.goodnet.com,809394919,GET,/history/apollo/apollo-13/sounds/,200,1157
353,052.215.goodnet.com,809394920,GET,/icons/sound.xbm,200,530
354,052.215.goodnet.com,809394945,GET,/history/apollo/apollo-13/sounds/a13_002.wav,200,127045
355,052.215.goodnet.com,809394952,GET,/history/apollo/apollo-13/sounds/a13_003.wav,200,6685
356,052.215.goodnet.com,809394968,GET,/history/apollo/apollo-13/sounds/a13_004.wav,200,66764
357,052.215.goodnet.com,809394996,GET,/history/apollo/apollo-13/,200,1732
358,052.215.goodnet.com,809395002,GET,/history/apollo/apollo-13/images/,200,1851
359,052.215.goodnet.com,809395019,GET,/history/apollo/apollo-13/images/index.gif,200,99942
360,052.215.goodnet.com,809395094,GET,/history/apollo/apollo-13/images/,200,1851
361,052.215.goodnet.com,809395120,GET,/history/apollo/apollo-13/docs/,200,377
362,052.215.goodnet.com,809395123,GET,/history/apollo/apollo-13/,200,1732
363,052.215.goodnet.com,809395134,GET,/history/apollo/apollo-13/,200,1732
364,052.215.goodnet.com,809395137,GET,/history/apollo/apollo-13/movies/,200,945
365,052.215.goodnet.com,809395139,GET,/icons/movie.xbm,200,530
366,052.215.goodnet.com,809395140,GET,/history/apollo/apollo-13/,200,1732
367,052.215.goodnet.com,809395144,GET,/history/apollo/apollo-13/movies/,200,945
368,052.215.goodnet.com,809395154,GET,/history/apollo/apollo-13/,200,1732
369,052.215.goodnet.com,809395164,GET,/history/apollo/apollo-13/,200,1732
370,052.215.goodnet.com,809395170,GET,/history/apollo/apollo-13/news/,200,377
371,052.215.goodnet.com,809395174,GET,/history/apollo/apollo-13/,200,1732
372,052.215.goodnet.com,809395178,GET,/history/apollo/,200,6245
373,06-dynamic-c.rotterdam.luna.net,804853884,GET,/shuttle/countdown/,200,3985
374,06-dynamic-c.rotterdam.luna.net,804853900,GET,/images/NASA-logosmall.gif,200,786
375,06-dynamic-c.rotterdam.luna.net,804853901,GET,/images/KSC-logosmall.gif,200,1204
376,06-dynamic-c.rotterdam.luna.net,804853909,GET,/shuttle/countdown/count.gif,200,40310
377,06-dynamic-c.rotterdam.luna.net,804853988,GET,/htbin/cdt_main.pl,200,3214
378,06-dynamic-c.rotterdam.luna.net,804854006,GET,/shuttle/countdown/liftoff.html,200,4535
379,06-dynamic-c.rotterdam.luna.net,804854063,GET,/shuttle/countdown/video/livevideo.gif,200,49152
380,06-dynamic-c.rotterdam.luna.net,804854069,GET,/htbin/cdt_clock.pl,200,543
381,06-dynamic-c.rotterdam.luna.net,804854097,GET,/shuttle/countdown/liftoff.html,200,4535
382,06-dynamic-c.rotterdam.luna.net,804854853,GET,/shuttle/countdown/video/livevideo.gif,200,49152
383,06-dynamic-c.rotterdam.luna.net,805759485,GET,/htbin/cdt_main.pl,200,3345
384,06-dynamic-c.rotterdam.luna.net,805759486,GET,/shuttle/countdown/images/countclock.gif,200,13994
385,06-dynamic-c.rotterdam.luna.net,805759487,GET,/images/NASA-logosmall.gif,200,786
386,06-dynamic-c.rotterdam.luna.net,805759534,GET,/facilities/lcc.html,200,2489
387,06-dynamic-c.rotterdam.luna.net,805759541,GET,/images/ksclogosmall.gif,200,3635
388,06-dynamic-c.rotterdam.luna.net,805759545,GET,/images/lcc-small2.gif,200,58026
389,06-dynamic-c.rotterdam.luna.net,805759549,GET,/images/kscmap-tiny.gif,200,2537
390,06-dynamic-c.rotterdam.luna.net,805759572,GET,/shuttle/countdown/liftoff.html,200,4142
391,06-dynamic-c.rotterdam.luna.net,805759587,GET,/shuttle/countdown/video/livevideo2.gif,200,65576
392,06-dynamic-c.rotterdam.luna.net,805759625,GET,/shuttle/missions/sts-70/movies/movies.html,200,2167
393,06-dynamic-c.rotterdam.luna.net,805759627,GET,/shuttle/missions/sts-70/sts-70-patch-small.gif,200,5026
394,07-dynamic-c.rotterdam.luna.net,806188689,GET,/history/history.html,200,1602
395,07-dynamic-c.rotterdam.luna.net,806188691,GET,/history/apollo/images/apollo-small.gif,200,9630
396,07-dynamic-c.rotterdam.luna.net,806188692,GET,/images/NASA-logosmall.gif,200,786
397,07-dynamic-c.rotterdam.luna.net,806188692,GET,/images/KSC-logosmall.gif,200,1204
398,0772jela.jelke.rpslmc.edu,806619709,GET,/images/whatsnew.gif,200,651
399,0772jela.jelke.rpslmc.edu,806619715,GET,/images/NASA-logosmall.gif,200,786
400,0772jela.jelke.rpslmc.edu,806619715,GET,/images/KSC-logosmall.gif,200,1204
401,07mb369b.uni-duisburg.de,807806248,GET,/ksc.html,200,7034
402,07mb369b.uni-duisburg.de,807806252,GET,/images/ksclogo-medium.gif,200,5866
403,07mb369b.uni-duisburg.de,807806268,GET,/images/MOSAIC-logosmall.gif,200,363
404,07mb369b.uni-duisburg.de,807806268,GET,/images/USA-logosmall.gif,200,234
405,07mb369b.uni-duisburg.de,807806271,GET,/images/NASA-logosmall.gif,200,786
406,07mb369b.uni-duisburg.de,807806277,GET,/images/WORLD-logosmall.gif,200,669
407,08-dynamic-c.rotterdam.luna.net,804983596,GET,/history/apollo/apollo-11/apollo-11-patch-small.gif,200,11175
408,08-dynamic-c.rotterdam.luna.net,804983599,GET,/history/apollo/apollo-11/apollo-11.html,200,41397
409,08-dynamic-c.rotterdam.luna.net,804983626,GET,/images/ksclogosmall.gif,200,3635
410,08-dynamic-c.rotterdam.luna.net,804983627,GET,/history/apollo/images/footprint-logo.gif,200,4209
411,08-dynamic-c.rotterdam.luna.net,807888072,GET,/software/winvn/winvn.html,200,9866
412,086.msy4.communique.net,804893649,GET,/history/apollo/apollo.html,200,3258
413,086.msy4.communique.net,804893651,GET,/history/apollo/images/footprint-small.gif,200,18149
414,086.msy4.communique.net,804893652,GET,/images/ksclogosmall.gif,200,3635
415,086.msy4.communique.net,804893654,GET,/history/apollo/images/apollo-logo.gif,200,3047
416,086.msy4.communique.net,804893675,GET,/history/apollo/apollo-13/apollo-13.html,200,18114
417,086.msy4.communique.net,804893677,GET,/history/apollo/apollo-13/apollo-13-patch-small.gif,200,12859
418,086.msy4.communique.net,804893690,GET,/history/apollo/images/footprint-logo.gif,200,4209
419,086.msy4.communique.net,804894061,GET,/facilities/lc39a.html,200,7008
420,086.msy4.communique.net,804894064,GET,/images/lc39a-logo.gif,200,13116
421,086.msy4.communique.net,804894066,GET,/images/kscmap-tiny.gif,200,2537
422,086.msy4.communique.net,804894236,GET,/images/rss.gif,200,283389
423,0875pr3e.pro.rpslmc.edu,808426696,GET,/shuttle/missions/missions.html,200,8677
424,0875pr3e.pro.rpslmc.edu,808426697,GET,/images/launchmedium.gif,200,11853
425,0875pr3e.pro.rpslmc.edu,808426698,GET,/images/NASA-logosmall.gif,200,786
426,0875pr3e.pro.rpslmc.edu,808426698,GET,/images/KSC-logosmall.gif,200,1204
427,0875pr3e.pro.rpslmc.edu,808426713,GET,/ksc.html,200,7131
428,0875pr3e.pro.rpslmc.edu,808426713,GET,/images/ksclogo-medium.gif,200,5866
429,0875pr3e.pro.rpslmc.edu,808426716,GET,/images/MOSAIC-logosmall.gif,200,363
430,0875pr3e.pro.rpslmc.edu,808426716,GET,/images/USA-logosmall.gif,200,234
431,0875pr3e.pro.rpslmc.edu,808426716,GET,/images/WORLD-logosmall.gif,200,669
432,0875pr3e.pro.rpslmc.edu,808426745,GET,/history/history.html,200,1602
433,0875pr3e.pro.rpslmc.edu,808426746,GET,/history/apollo/images/apollo-small.gif,200,9630
434,0875pr3e.pro.rpslmc.edu,808426761,GET,/history/apollo/apollo.html,200,3260
435,0875pr3e.pro.rpslmc.edu,808426761,GET,/history/apollo/images/footprint-small.gif,200,18149
436,0875pr3e.pro.rpslmc.edu,808426761,GET,/history/apollo/images/apollo-logo1.gif,200,1173
437,0875pr3e.pro.rpslmc.edu,808426775,GET,/history/apollo/apollo-spacecraft.txt,200,2766
438,0875pr3e.pro.rpslmc.edu,808426794,GET,/history/apollo/flight-summary.txt,200,5086
439,0885-12.etech.fh-hamburg.de,806245500,GET,/,200,7071
440,0885-12.etech.fh-hamburg.de,806245685,GET,/images/ksclogo-medium.gif,200,5866
441,0885-12.etech.fh-hamburg.de,806245738,GET,/images/NASA-logosmall.gif,200,786
442,0885-12.etech.fh-hamburg.de,806245827,GET,/images/MOSAIC-logosmall.gif,200,363
443,0885-12.etech.fh-hamburg.de,806245829,GET,/images/USA-logosmall.gif,200,234
444,0885-12.etech.fh-hamburg.de,806245833,GET,/images/WORLD-logosmall.gif,200,669
445,0885-12.etech.fh-hamburg.de,806249684,GET,/shuttle/technology/sts-newsref/stsref-toc.html,200,84905
446,1.ts1.mnet.medstroms.se,807912683,GET,/,200,7131
447,1.ts1.mnet.medstroms.se,807912685,GET,/images/ksclogo-medium.gif,200,5866
448,1.ts1.mnet.medstroms.se,807912688,GET,/images/NASA-logosmall.gif,200,786
449,1.ts1.mnet.medstroms.se,807912688,GET,/images/MOSAIC-logosmall.gif,200,363
450,1.ts1.mnet.medstroms.se,807912690,GET,/images/USA-logosmall.gif,200,234
451,1.ts1.mnet.medstroms.se,807912697,GET,/images/WORLD-logosmall.gif,200,669
452,1.ts1.mnet.medstroms.se,807912701,GET,/whats-new.html,200,19338
453,1.ts1.mnet.medstroms.se,807912704,GET,/images/whatsnew.gif,200,651
454,1.ts1.mnet.medstroms.se,807912714,GET,/images/KSC-logosmall.gif,200,1204
455,1.ts1.mnet.medstroms.se,807912734,GET,/shuttle/countdown,302,0
456,1.ts1.mnet.medstroms.se,807912735,GET,/shuttle/countdown/,200,4673
457,1.ts1.mnet.medstroms.se,807912744,GET,/shuttle/missions/sts-69/count69.gif,200,46053
458,1.ts1.mnet.medstroms.se,807912775,GET,/shuttle/missions/sts-69/images/images.html,200,2443
459,1.ts1.mnet.medstroms.se,807912790,GET,/shuttle/missions/sts-69/images/index69.gif,200,29717
460,1.ts1.mnet.medstroms.se,808174769,GET,/shuttle/missions/sts-69/mission-sts-69.html,200,11264
461,1.ts1.mnet.medstroms.se,808174771,GET,/shuttle/missions/sts-69/sts-69-patch-small.gif,200,8083
462,1.ts1.mnet.medstroms.se,808174779,GET,/images/KSC-logosmall.gif,200,1204
463,1.ts1.mnet.medstroms.se,808174780,GET,/images/launch-logo.gif,200,1713
464,1.ts1.mnet.medstroms.se,808174780,GET,/history/apollo/images/apollo-logo1.gif,200,1173
465,1.ts1.mnet.medstroms.se,808174795,GET,/shuttle/missions/rollbacks.html,200,4506
466,1.ts1.mnet.medstroms.se,808174809,GET,/images/rollback.gif,200,52516
467,1.ts1.mnet.medstroms.se,808174883,GET,/shuttle/resources/orbiters/challenger.html,200,8089
468,1.ts1.mnet.medstroms.se,808174886,GET,/shuttle/resources/orbiters/challenger-logo.gif,200,4179
469,1.ts1.mnet.medstroms.se,808174890,GET,/images/ksclogosmall.gif,200,3635
470,1.ts1.mnet.medstroms.se,808174890,GET,/shuttle/resources/orbiters/orbiters-logo.gif,200,1932
471,1.ts1.mnet.medstroms.se,808175054,GET,/ksc.html,200,7131
472,1.ts1.mnet.medstroms.se,808175056,GET,/images/ksclogo-medium.gif,200,5866
473,1.ts1.mnet.medstroms.se,808175060,GET,/images/NASA-logosmall.gif,200,786
474,1.ts1.mnet.medstroms.se,808175060,GET,/images/MOSAIC-logosmall.gif,200,363
475,1.ts1.mnet.medstroms.se,808175060,GET,/images/USA-logosmall.gif,200,234
476,1.ts1.mnet.medstroms.se,808175063,GET,/images/WORLD-logosmall.gif,200,669
477,1.ts2.mnet.medstroms.se,807657230,GET,/images/shuttle-patch-small.gif,200,4179
478,1.ts2.mnet.medstroms.se,807657240,GET,/shuttle/technology/sts-newsref/stsref-toc.html,200,84905
479,1.ts2.mnet.medstroms.se,807657248,GET,/images/KSC-logosmall.gif,200,1204
480,1.ts2.mnet.medstroms.se,807657248,GET,/images/launch-logo.gif,200,1713
481,1.ts2.mnet.medstroms.se,808689593,GET,/images/shuttle-patch-small.gif,200,4179
482,1.ts2.mnet.medstroms.se,808689617,GET,/shuttle/technology/sts-newsref/stsref-toc.html,200,81920
483,10-dynamic-c.rotterdam.luna.net,804937292,GET,/history/history.html,200,1502
484,10-dynamic-c.rotterdam.luna.net,804937296,GET,/history/apollo/images/apollo-small.gif,200,9630
485,10-dynamic-c.rotterdam.luna.net,804937296,GET,/images/NASA-logosmall.gif,200,786
486,10-dynamic-c.rotterdam.luna.net,804937296,GET,/images/KSC-logosmall.gif,200,1204
487,10.salc.wsu.edu,804838226,GET,/ksc.html,200,7074
488,10.salc.wsu.edu,804838228,GET,/images/NASA-logosmall.gif,200,786
489,10.salc.wsu.edu,804838228,GET,/images/ksclogo-medium.gif,200,5866
490,10.salc.wsu.edu,804838228,GET,/images/USA-logosmall.gif,200,234
491,10.salc.wsu.edu,804838229,GET,/images/MOSAIC-logosmall.gif,200,363
492,10.salc.wsu.edu,804838231,GET,/images/WORLD-logosmall.gif,200,669
493,10.ts2.mnet.medstroms.se,804896917,GET,/shuttle/missions/sts-71/movies/crew-arrival-t38.mpg,200,98304
494,10.ts2.mnet.medstroms.se,805999376,GET,/shuttle/countdown/liftoff.html,200,4142
495,10.ts2.mnet.medstroms.se,805999381,GET,/images/NASA-logosmall.gif,200,786
496,10.ts2.mnet.medstroms.se,805999410,GET,/shuttle/countdown/video/livevideo2.gif,200,65576
497,10.ts2.mnet.medstroms.se,806001398,GET,/shuttle/missions/sts-70/images/images.html,200,7225
498,10.ts2.mnet.medstroms.se,808214292,GET,/shuttle/missions/sts-69/mission-sts-69.html,200,11264
499,10.ts2.mnet.medstroms.se,808214294,GET,/shuttle/missions/sts-69/sts-69-patch-small.gif,200,8083
500,10.ts2.mnet.medstroms.se,808214298,GET,/images/KSC-logosmall.gif,304,0
501,10.ts2.mnet.medstroms.se,808214298,GET,/images/launch-logo.gif,304,0
502,10.ts2.mnet.medstroms.se,808214300,GET,/history/apollo/images/apollo-logo1.gif,304,0
503,10.ts2.mnet.medstroms.se,808214370,GET,/shuttle/missions/sts-69/news,302,0
504,10.ts2.mnet.medstroms.se,808214371,GET,/shuttle/missions/sts-69/news/,200,374
505,10.ts2.mnet.medstroms.se,808214372,GET,/icons/blank.xbm,200,509
506,10.ts2.mnet.medstroms.se,808214373,GET,/icons/menu.xbm,200,527
507,10.ts2.mnet.medstroms.se,808214391,GET,/shuttle/missions/sts-70/o-ring-problem.gif,200,16197
508,10.ts2.mnet.medstroms.se,808214441,GET,/shuttle/missions/sts-69/sts-69-press-kit.txt,200,116194
509,10.ts2.mnet.medstroms.se,808214459,GET,/shuttle/countdown/,200,4673
510,10.ts2.mnet.medstroms.se,808214462,GET,/images/NASA-logosmall.gif,304,0
511,10.ts2.mnet.medstroms.se,808214467,GET,/shuttle/missions/sts-69/count69.gif,200,46053
512,100.144.med.umich.edu,805055448,GET,/shuttle/countdown/,200,3998
513,100.144.med.umich.edu,805055450,GET,/images/NASA-logosmall.gif,200,786
514,100.144.med.umich.edu,805055450,GET,/shuttle/countdown/count.gif,200,40310
515,100.144.med.umich.edu,805055451,GET,/images/KSC-logosmall.gif,200,1204
516,100.144.med.umich.edu,805055469,GET,/shuttle/missions/sts-71/images/images.html,200,7634
517,100.144.med.umich.edu,805055552,GET,/shuttle/missions/sts-71/images/KSC-95EC-0911.gif,200,31242
518,100.144.med.umich.edu,805055577,GET,/shuttle/missions/sts-71/images/KSC-95EC-0911.jpg,200,45966
519,100.144.med.umich.edu,805055656,GET,/shuttle/missions/sts-71/images/KSC-95EC-0912.jpg,200,66202
520,100.144.med.umich.edu,805055723,GET,/shuttle/missions/sts-71/images/KSC-95EC-0913.jpg,200,25439
521,100.144.med.umich.edu,805055757,GET,/shuttle/missions/sts-71/images/KSC-95EC-0917.jpg,200,52491
522,100.144.med.umich.edu,805055809,GET,/shuttle/missions/sts-71/images/KSC-95EC-0918.jpg,200,46888
523,100.144.med.umich.edu,805055855,GET,/shuttle/missions/sts-71/images/KSC-95EC-0916.jpg,200,34029
524,100.144.med.umich.edu,805061444,GET,/history/apollo/apollo.html,200,3258
525,100.144.med.umich.edu,805061446,GET,/history/apollo/images/footprint-small.gif,200,18149
526,100.144.med.umich.edu,805061446,GET,/images/ksclogosmall.gif,200,3635
527,100.144.med.umich.edu,805061447,GET,/history/apollo/images/apollo-logo.gif,200,3047
528,100.144.med.umich.edu,805061462,GET,/history/apollo/flight-summary.txt,200,5086
529,100.144.med.umich.edu,805061574,GET,/history/gemini/gemini.html,200,2522
530,100.144.med.umich.edu,805061582,GET,/images/gemini-logo.gif,200,4452
531,10044.geo.net,805007919,GET,/ksc.html,200,7067
532,10044.geo.net,805007922,GET,/images/ksclogo-medium.gif,200,5866
533,10044.geo.net,805007925,GET,/images/USA-logosmall.gif,200,234
534,10044.geo.net,805007927,GET,/images/NASA-logosmall.gif,200,786
535,10044.geo.net,805007928,GET,/images/MOSAIC-logosmall.gif,200,363
536,10044.geo.net,805007929,GET,/images/WORLD-logosmall.gif,200,669
537,10044.geo.net,805007984,GET,/whats-new.html,200,17314
538,10044.geo.net,805007987,GET,/images/whatsnew.gif,200,651
539,10044.geo.net,805007992,GET,/images/KSC-logosmall.gif,200,1204
540,10044.geo.net,805085888,GET,/shuttle/countdown/,200,3998
541,10044.geo.net,805085892,GET,/shuttle/countdown/count.gif,200,40310
542,10044.geo.net,805085929,GET,/images/NASA-logosmall.gif,200,786
543,10044.geo.net,805085979,GET,/shuttle/missions/sts-71/images/images.html,200,7634
544,10044.geo.net,805086040,GET,/shuttle/missions/sts-71/images/KSC-95EC-0918.jpg,200,46888
545,10044.geo.net,805086170,GET,/shuttle/missions/sts-71/mission-sts-71.html,200,13436
546,10044.geo.net,805086173,GET,/shuttle/missions/sts-71/sts-71-patch-small.gif,200,12054
547,10044.geo.net,805086187,GET,/images/KSC-logosmall.gif,200,1204
548,10044.geo.net,805086191,GET,/images/launch-logo.gif,200,1713
549,10044.geo.net,805086219,GET,/htbin/wais.pl?IMAX,200,6772
550,10044.geo.net,805086290,GET,/shuttle/resources/orbiters/challenger.html,200,8089
551,10044.geo.net,805086293,GET,/shuttle/resources/orbiters/challenger-logo.gif,200,4179
552,10044.geo.net,805086298,GET,/images/ksclogosmall.gif,200,3635
553,10044.geo.net,805086300,GET,/shuttle/resources/orbiters/orbiters-logo.gif,200,1932
554,10044.geo.net,805086376,GET,/shuttle/resources/orbiters/challenger.html,200,8089
555,10044.geo.net,805086412,GET,/history/apollo/apollo-17/apollo-17.html,200,2657
556,10044.geo.net,805086419,GET,/history/apollo/apollo-17/apollo-17-patch-small.gif,200,14977
557,10044.geo.net,805086419,GET,/history/apollo/images/footprint-logo.gif,200,4209
558,10044.geo.net,805086464,GET,/history/apollo/apollo.html,200,3258
559,10044.geo.net,805086467,GET,/history/apollo/images/footprint-small.gif,200,18149
560,10044.geo.net,805086473,GET,/history/apollo/images/apollo-logo.gif,200,3047
561,10044.geo.net,805086489,GET,/history/history.html,200,1602
562,10044.geo.net,805086492,GET,/history/apollo/images/apollo-small.gif,200,9630
563,10044.geo.net,805086506,GET,/history/apollo/images/apollo.gif,200,28847
564,101.irri.cgiar.org,809080045,GET,/software/winvn/userguide/wvnguide.html,200,5998
565,101.irri.cgiar.org,809080047,GET,/software/winvn/userguide/winvnsm.gif,200,3293
566,101.irri.cgiar.org,809080074,GET,/icons/blank.xbm,200,509
567,101.irri.cgiar.org,809080074,GET,/icons/menu.xbm,200,527
568,101.irri.cgiar.org,809080074,GET,/icons/image.xbm,200,509
569,101.irri.cgiar.org,809080074,GET,/icons/text.xbm,200,527
570,101.irri.cgiar.org,809080082,GET,/software/winvn/winvn.html,200,9648
571,101.irri.cgiar.org,809080085,GET,/software/winvn/bluemarb.gif,200,4441
572,101.irri.cgiar.org,809080085,GET,/software/winvn/winvn.gif,200,25218
573,101.irri.cgiar.org,809080085,GET,/software/winvn/wvsmall.gif,200,13372
574,101.irri.cgiar.org,809080085,GET,/images/KSC-logosmall.gif,200,1204
575,101.irri.cgiar.org,809080087,GET,/images/MOSAIC-logosmall.gif,200,363
576,101.irri.cgiar.org,809080088,GET,/images/USA-logosmall.gif,200,234
577,101.irri.cgiar.org,809080090,GET,/images/WORLD-logosmall.gif,200,669
578,103.135.med.umich.edu,806679759,GET,/history/apollo/images/footprint-logo.gif,200,4209
579,103.135.med.umich.edu,806679762,GET,/history/apollo/apollo-15/apollo-15-patch-small.gif,200,13583
580,103.135.med.umich.edu,806680686,GET,/history/apollo/apollo-15/apollo-15.html,200,2676
581,103.135.med.umich.edu,806680688,GET,/images/ksclogosmall.gif,200,3635
582,103.135.med.umich.edu,806680757,GET,/history/apollo/apollo.html,200,3260
583,103.135.med.umich.edu,806680759,GET,/history/apollo/images/footprint-small.gif,200,18149
584,103.135.med.umich.edu,806680759,GET,/images/KSC-logosmall.gif,200,1204
585,103.135.med.umich.edu,806680759,GET,/history/apollo/images/apollo-logo1.gif,200,1173
586,1032015.ksc.nasa.gov,805389490,GET,/ksc.html,200,7067
587,1032015.ksc.nasa.gov,805389491,GET,/images/ksclogo-medium.gif,200,5866
588,1032015.ksc.nasa.gov,805389491,GET,/images/NASA-logosmall.gif,200,786
589,1032015.ksc.nasa.gov,805389492,GET,/images/MOSAIC-logosmall.gif,200,363
590,1032015.ksc.nasa.gov,805389492,GET,/images/USA-logosmall.gif,200,234
591,1032015.ksc.nasa.gov,805389492,GET,/images/WORLD-logosmall.gif,200,669
592,1032015.ksc.nasa.gov,805395358,GET,/ksc.html,200,7067
593,1032015.ksc.nasa.gov,805395359,GET,/images/ksclogo-medium.gif,200,5866
594,1032015.ksc.nasa.gov,805395360,GET,/images/NASA-logosmall.gif,200,786
595,1032015.ksc.nasa.gov,805395360,GET,/images/MOSAIC-logosmall.gif,200,363
596,1032015.ksc.nasa.gov,805395360,GET,/images/USA-logosmall.gif,200,234
597,1032015.ksc.nasa.gov,805395360,GET,/images/WORLD-logosmall.gif,200,669
598,1032015.ksc.nasa.gov,805397266,GET,/ksc.html,200,7067
599,1032015.ksc.nasa.gov,805397267,GET,/images/ksclogo-medium.gif,200,5866
600,1032015.ksc.nasa.gov,805397267,GET,/images/NASA-logosmall.gif,200,786
601,1032015.ksc.nasa.gov,805397268,GET,/images/MOSAIC-logosmall.gif,200,363
602,1032015.ksc.nasa.gov,805397268,GET,/images/USA-logosmall.gif,200,234
603,1032015.ksc.nasa.gov,805397268,GET,/images/WORLD-logosmall.gif,200,669
604,1032015.ksc.nasa.gov,805398999,GET,/ksc.html,200,7067
605,1032015.ksc.nasa.gov,805399000,GET,/images/ksclogo-medium.gif,200,5866
606,1032015.ksc.nasa.gov,805399000,GET,/images/NASA-logosmall.gif,200,786
607,1032015.ksc.nasa.gov,805399001,GET,/images/MOSAIC-logosmall.gif,200,363
608,1032015.ksc.nasa.gov,805399001,GET,/images/USA-logosmall.gif,200,234
609,1032015.ksc.nasa.gov,805399001,GET,/images/WORLD-logosmall.gif,200,669
610,1032015.ksc.nasa.gov,805400844,GET,/ksc.html,200,7067
611,1032015.ksc.nasa.gov,805400845,GET,/images/ksclogo-medium.gif,200,5866
612,1032015.ksc.nasa.gov,805400846,GET,/images/NASA-logosmall.gif,200,786
613,1032015.ksc.nasa.gov,805400846,GET,/images/MOSAIC-logosmall.gif,200,363
614,1032015.ksc.nasa.gov,805400846,GET,/images/USA-logosmall.gif,200,234
615,1032015.ksc.nasa.gov,805400847,GET,/images/WORLD-logosmall.gif,200,669
616,1032015.ksc.nasa.gov,805465256,GET,/ksc.html,200,7067
617,1032015.ksc.nasa.gov,805465258,GET,/images/ksclogo-medium.gif,200,5866
618,1032015.ksc.nasa.gov,805465261,GET,/images/NASA-logosmall.gif,200,786
619,1032015.ksc.nasa.gov,805465261,GET,/images/MOSAIC-logosmall.gif,200,363
620,1032015.ksc.nasa.gov,805465262,GET,/images/USA-logosmall.gif,200,234
621,1032015.ksc.nasa.gov,805465262,GET,/images/WORLD-logosmall.gif,200,669
622,1032015.ksc.nasa.gov,805466917,GET,/ksc.html,200,7067
623,1032015.ksc.nasa.gov,805466917,GET,/images/ksclogo-medium.gif,200,5866
624,1032015.ksc.nasa.gov,805466918,GET,/images/NASA-logosmall.gif,200,786
625,1032015.ksc.nasa.gov,805466918,GET,/images/MOSAIC-logosmall.gif,200,363
626,1032015.ksc.nasa.gov,805466918,GET,/images/USA-logosmall.gif,200,234
627,1032015.ksc.nasa.gov,805466919,GET,/images/WORLD-logosmall.gif,200,669
628,1032015.ksc.nasa.gov,805468919,GET,/ksc.html,200,7067
629,1032015.ksc.nasa.gov,805468921,GET,/images/ksclogo-medium.gif,200,5866
630,1032015.ksc.nasa.gov,805468924,GET,/images/NASA-logosmall.gif,200,786
631,1032015.ksc.nasa.gov,805468924,GET,/images/MOSAIC-logosmall.gif,200,363
632,1032015.ksc.nasa.gov,805468924,GET,/images/USA-logosmall.gif,200,234
633,1032015.ksc.nasa.gov,805468924,GET,/images/WORLD-logosmall.gif,200,669
634,1032015.ksc.nasa.gov,805495544,GET,/ksc.html,200,7062
635,1032015.ksc.nasa.gov,805495545,GET,/images/ksclogo-medium.gif,200,5866
636,1032015.ksc.nasa.gov,805495547,GET,/images/NASA-logosmall.gif,200,786
637,1032015.ksc.nasa.gov,805495547,GET,/images/MOSAIC-logosmall.gif,200,363
638,1032015.ksc.nasa.gov,805495547,GET,/images/USA-logosmall.gif,200,234
639,1032015.ksc.nasa.gov,805495547,GET,/images/WORLD-logosmall.gif,200,669
640,1032015.ksc.nasa.gov,805495936,GET,/ksc.html,200,7062
641,1032015.ksc.nasa.gov,805495936,GET,/images/ksclogo-medium.gif,200,5866
642,1032015.ksc.nasa.gov,805495937,GET,/images/NASA-logosmall.gif,200,786
643,1032015.ksc.nasa.gov,805495937,GET,/images/MOSAIC-logosmall.gif,200,363
644,1032015.ksc.nasa.gov,805495937,GET,/images/USA-logosmall.gif,200,234
645,1032015.ksc.nasa.gov,805495938,GET,/images/WORLD-logosmall.gif,200,669
646,1032015.ksc.nasa.gov,805496259,GET,/ksc.html,200,7062
647,1032015.ksc.nasa.gov,805496259,GET,/images/ksclogo-medium.gif,200,5866
648,1032015.ksc.nasa.gov,805496260,GET,/images/NASA-logosmall.gif,200,786
649,1032015.ksc.nasa.gov,805496405,GET,/images/USA-logosmall.gif,200,234
650,1032015.ksc.nasa.gov,805496406,GET,/images/WORLD-logosmall.gif,200,669
651,1032015.ksc.nasa.gov,805496569,GET,/ksc.html,200,7062
652,1032015.ksc.nasa.gov,805496569,GET,/images/ksclogo-medium.gif,200,5866
653,1032015.ksc.nasa.gov,805496570,GET,/images/NASA-logosmall.gif,200,786
654,1032015.ksc.nasa.gov,805496570,GET,/images/MOSAIC-logosmall.gif,200,363
655,1032015.ksc.nasa.gov,805496570,GET,/images/USA-logosmall.gif,200,234
656,1032015.ksc.nasa.gov,805496570,GET,/images/WORLD-logosmall.gif,200,669
657,1032015.ksc.nasa.gov,805674142,GET,/ksc.html,200,7062
658,1032015.ksc.nasa.gov,805674143,GET,/images/ksclogo-medium.gif,200,5866
659,1032015.ksc.nasa.gov,805674144,GET,/images/NASA-logosmall.gif,200,786
660,1032015.ksc.nasa.gov,805674144,GET,/images/MOSAIC-logosmall.gif,200,363
661,1032015.ksc.nasa.gov,805674144,GET,/images/USA-logosmall.gif,200,234
662,1032015.ksc.nasa.gov,805674144,GET,/images/WORLD-logosmall.gif,200,669
663,1032015.ksc.nasa.gov,805726879,GET,/ksc.html,200,7071
664,1032015.ksc.nasa.gov,805726880,GET,/images/ksclogo-medium.gif,200,5866
665,1032015.ksc.nasa.gov,805726880,GET,/images/NASA-logosmall.gif,200,786
666,1032015.ksc.nasa.gov,805726881,GET,/images/MOSAIC-logosmall.gif,200,363
667,1032015.ksc.nasa.gov,805726881,GET,/images/USA-logosmall.gif,200,234
668,1032015.ksc.nasa.gov,805726881,GET,/images/WORLD-logosmall.gif,200,669
669,1032015.ksc.nasa.gov,805732065,GET,/ksc.html,200,7071
670,1032015.ksc.nasa.gov,805732066,GET,/images/ksclogo-medium.gif,200,5866
671,1032015.ksc.nasa.gov,805732067,GET,/images/NASA-logosmall.gif,200,786
672,1032015.ksc.nasa.gov,805732067,GET,/images/MOSAIC-logosmall.gif,200,363
673,1032015.ksc.nasa.gov,805732067,GET,/images/USA-logosmall.gif,200,234
674,1032015.ksc.nasa.gov,805732067,GET,/images/WORLD-logosmall.gif,200,669
675,1032015.ksc.nasa.gov,808148402,GET,/ksc.html,200,7131
676,1032015.ksc.nasa.gov,808148402,GET,/images/ksclogo-medium.gif,200,5866
677,1032015.ksc.nasa.gov,808148403,GET,/images/NASA-logosmall.gif,200,786
678,1032015.ksc.nasa.gov,808148403,GET,/images/MOSAIC-logosmall.gif,200,363
679,1032015.ksc.nasa.gov,808148404,GET,/images/USA-logosmall.gif,200,234
680,1032015.ksc.nasa.gov,808148404,GET,/images/WORLD-logosmall.gif,200,669
681,1032015.ksc.nasa.gov,808408149,GET,/ksc.html,200,7131
682,1032015.ksc.nasa.gov,808408150,GET,/images/ksclogo-medium.gif,200,5866
683,1032015.ksc.nasa.gov,808408151,GET,/images/NASA-logosmall.gif,200,786
684,1032015.ksc.nasa.gov,808408152,GET,/images/MOSAIC-logosmall.gif,200,363
685,1032015.ksc.nasa.gov,808408152,GET,/images/USA-logosmall.gif,200,234
686,1032015.ksc.nasa.gov,808408152,GET,/images/WORLD-logosmall.gif,200,669
687,1032015.ksc.nasa.gov,808424289,GET,/ksc.html,200,7131
688,1032015.ksc.nasa.gov,808424290,GET,/images/ksclogo-medium.gif,200,5866
689,1032015.ksc.nasa.gov,808424290,GET,/images/NASA-logosmall.gif,200,786
690,1032015.ksc.nasa.gov,808424291,GET,/images/MOSAIC-logosmall.gif,200,363
691,1032015.ksc.nasa.gov,808424291,GET,/images/USA-logosmall.gif,200,234
692,1032015.ksc.nasa.gov,808424291,GET,/images/WORLD-logosmall.gif,200,669
693,1032015.ksc.nasa.gov,808428222,GET,/ksc.html,200,7131
694,1032015.ksc.nasa.gov,808428223,GET,/images/ksclogo-medium.gif,200,5866
695,1032015.ksc.nasa.gov,808428223,GET,/images/NASA-logosmall.gif,200,786
696,1032015.ksc.nasa.gov,808428223,GET,/images/MOSAIC-logosmall.gif,200,363
697,1032015.ksc.nasa.gov,808428224,GET,/images/USA-logosmall.gif,200,234
698,1032015.ksc.nasa.gov,808428224,GET,/images/WORLD-logosmall.gif,200,669
699,1032015.ksc.nasa.gov,808432588,GET,/ksc.html,200,7131
700,1032015.ksc.nasa.gov,808432589,GET,/images/ksclogo-medium.gif,200,5866
701,1032015.ksc.nasa.gov,808432589,GET,/images/NASA-logosmall.gif,200,786
702,1032015.ksc.nasa.gov,808432589,GET,/images/MOSAIC-logosmall.gif,200,363
703,1032015.ksc.nasa.gov,808432590,GET,/images/USA-logosmall.gif,200,234
704,1032015.ksc.nasa.gov,808432590,GET,/images/WORLD-logosmall.gif,200,669
705,1032015.ksc.nasa.gov,808434400,GET,/ksc.html,200,7131
706,1032015.ksc.nasa.gov,808434401,GET,/images/ksclogo-medium.gif,200,5866
707,1032015.ksc.nasa.gov,808434402,GET,/images/NASA-logosmall.gif,200,786
708,1032015.ksc.nasa.gov,808434402,GET,/images/MOSAIC-logosmall.gif,200,363
709,1032015.ksc.nasa.gov,808434402,GET,/images/USA-logosmall.gif,200,234
710,1032015.ksc.nasa.gov,808434403,GET,/images/WORLD-logosmall.gif,200,669
711,1032015.ksc.nasa.gov,808506970,GET,/ksc.html,200,7131
712,1032015.ksc.nasa.gov,808506970,GET,/images/ksclogo-medium.gif,200,5866
713,1032015.ksc.nasa.gov,808506971,GET,/images/NASA-logosmall.gif,200,786
714,1032015.ksc.nasa.gov,808506972,GET,/images/MOSAIC-logosmall.gif,200,363
715,1032015.ksc.nasa.gov,808506972,GET,/images/USA-logosmall.gif,200,234
716,1032015.ksc.nasa.gov,808506972,GET,/images/WORLD-logosmall.gif,200,669
717,1032015.ksc.nasa.gov,808509438,GET,/ksc.html,200,7131
718,1032015.ksc.nasa.gov,808509439,GET,/images/ksclogo-medium.gif,200,5866
719,1032015.ksc.nasa.gov,808509439,GET,/images/NASA-logosmall.gif,200,786
720,1032015.ksc.nasa.gov,808509440,GET,/images/MOSAIC-logosmall.gif,200,363
721,1032015.ksc.nasa.gov,808509440,GET,/images/USA-logosmall.gif,200,234
722,1032015.ksc.nasa.gov,808509440,GET,/images/WORLD-logosmall.gif,200,669
723,1032015.ksc.nasa.gov,808604953,GET,/ksc.html,200,7131
724,1032015.ksc.nasa.gov,808604954,GET,/images/ksclogo-medium.gif,200,5866
725,1032015.ksc.nasa.gov,808604954,GET,/images/NASA-logosmall.gif,200,786
726,1032015.ksc.nasa.gov,808604954,GET,/images/MOSAIC-logosmall.gif,200,363
727,1032015.ksc.nasa.gov,808604955,GET,/images/USA-logosmall.gif,200,234
728,1032015.ksc.nasa.gov,808604955,GET,/images/WORLD-logosmall.gif,200,669
729,1032015.ksc.nasa.gov,808662946,GET,/ksc.html,200,7131
730,1032015.ksc.nasa.gov,808662947,GET,/images/ksclogo-medium.gif,200,5866
731,1032015.ksc.nasa.gov,808662948,GET,/images/NASA-logosmall.gif,200,786
732,1032015.ksc.nasa.gov,808662948,GET,/images/MOSAIC-logosmall.gif,200,363
733,1032015.ksc.nasa.gov,808662948,GET,/images/USA-logosmall.gif,200,234
734,1032015.ksc.nasa.gov,808662949,GET,/images/WORLD-logosmall.gif,200,669
735,1032015.ksc.nasa.gov,808688997,GET,/ksc.html,200,7131
736,1032015.ksc.nasa.gov,808688998,GET,/images/ksclogo-medium.gif,200,5866
737,1032015.ksc.nasa.gov,808688998,GET,/images/NASA-logosmall.gif,200,786
738,1032015.ksc.nasa.gov,808688999,GET,/images/MOSAIC-logosmall.gif,200,363
739,1032015.ksc.nasa.gov,808688999,GET,/images/USA-logosmall.gif,200,234
740,1032015.ksc.nasa.gov,808688999,GET,/images/WORLD-logosmall.gif,200,669
741,1032015.ksc.nasa.gov,808759967,GET,/ksc.html,200,7131
742,1032015.ksc.nasa.gov,808759968,GET,/images/ksclogo-medium.gif,200,5866
743,1032015.ksc.nasa.gov,808759968,GET,/images/NASA-logosmall.gif,200,786
744,1032015.ksc.nasa.gov,808759969,GET,/images/MOSAIC-logosmall.gif,200,363
745,1032015.ksc.nasa.gov,808759969,GET,/images/USA-logosmall.gif,200,234
746,1032015.ksc.nasa.gov,808759969,GET,/images/WORLD-logosmall.gif,200,669
747,1032015.ksc.nasa.gov,808765678,GET,/ksc.html,200,7131
748,1032015.ksc.nasa.gov,808765678,GET,/images/ksclogo-medium.gif,200,5866
749,1032015.ksc.nasa.gov,808765679,GET,/images/NASA-logosmall.gif,200,786
750,1032015.ksc.nasa.gov,808765679,GET,/images/MOSAIC-logosmall.gif,200,363
751,1032015.ksc.nasa.gov,808765679,GET,/images/USA-logosmall.gif,200,234
752,1032015.ksc.nasa.gov,808765680,GET,/images/WORLD-logosmall.gif,200,669
753,1032015.ksc.nasa.gov,809100305,GET,/ksc.html,200,7011
754,1032015.ksc.nasa.gov,809100306,GET,/images/ksclogo-medium.gif,200,5866
755,1032015.ksc.nasa.gov,809100307,GET,/images/NASA-logosmall.gif,200,786
756,1032015.ksc.nasa.gov,809100307,GET,/images/MOSAIC-logosmall.gif,200,363
757,1032015.ksc.nasa.gov,809100307,GET,/images/USA-logosmall.gif,200,234
758,1032015.ksc.nasa.gov,809100307,GET,/images/WORLD-logosmall.gif,200,669
759,1032015.ksc.nasa.gov,809115113,GET,/ksc.html,200,7087
760,1032015.ksc.nasa.gov,809115114,GET,/images/ksclogo-medium.gif,200,5866
761,1032015.ksc.nasa.gov,809115115,GET,/images/NASA-logosmall.gif,200,786
762,1032015.ksc.nasa.gov,809115115,GET,/images/MOSAIC-logosmall.gif,200,363
763,1032015.ksc.nasa.gov,809115115,GET,/images/USA-logosmall.gif,200,234
764,1032015.ksc.nasa.gov,809115115,GET,/images/WORLD-logosmall.gif,200,669
765,1032015.ksc.nasa.gov,809184238,GET,/ksc.html,200,7089
766,1032015.ksc.nasa.gov,809184238,GET,/images/ksclogo-medium.gif,200,5866
767,1032015.ksc.nasa.gov,809184239,GET,/images/NASA-logosmall.gif,200,786
768,1032015.ksc.nasa.gov,809184239,GET,/images/MOSAIC-logosmall.gif,200,363
769,1032015.ksc.nasa.gov,809184239,GET,/images/USA-logosmall.gif,200,234
770,1032015.ksc.nasa.gov,809184239,GET,/images/WORLD-logosmall.gif,200,669
771,1032015.ksc.nasa.gov,809190587,GET,/ksc.html,200,7089
772,1032015.ksc.nasa.gov,809190588,GET,/images/ksclogo-medium.gif,200,5866
773,1032015.ksc.nasa.gov,809190588,GET,/images/NASA-logosmall.gif,200,786
774,1032015.ksc.nasa.gov,809190589,GET,/images/MOSAIC-logosmall.gif,200,363
775,1032015.ksc.nasa.gov,809190589,GET,/images/USA-logosmall.gif,200,234
776,1032015.ksc.nasa.gov,809190589,GET,/images/WORLD-logosmall.gif,200,669
777,1032015.ksc.nasa.gov,809196386,GET,/ksc.html,200,7089
778,1032015.ksc.nasa.gov,809196387,GET,/images/ksclogo-medium.gif,200,5866
779,1032015.ksc.nasa.gov,809196387,GET,/images/NASA-logosmall.gif,200,786
780,1032015.ksc.nasa.gov,809196388,GET,/images/MOSAIC-logosmall.gif,200,363
781,1032015.ksc.nasa.gov,809196388,GET,/images/USA-logosmall.gif,200,234
782,1032015.ksc.nasa.gov,809196388,GET,/images/WORLD-logosmall.gif,200,669
783,1032015.ksc.nasa.gov,809203459,GET,/ksc.html,200,7089
784,1032015.ksc.nasa.gov,809203460,GET,/images/ksclogo-medium.gif,200,5866
785,1032015.ksc.nasa.gov,809203461,GET,/images/NASA-logosmall.gif,200,786
786,1032015.ksc.nasa.gov,809203461,GET,/images/MOSAIC-logosmall.gif,200,363
787,1032015.ksc.nasa.gov,809203461,GET,/images/USA-logosmall.gif,200,234
788,1032015.ksc.nasa.gov,809203461,GET,/images/WORLD-logosmall.gif,200,669
789,1032015.ksc.nasa.gov,809266797,GET,/ksc.html,200,7089
790,1032015.ksc.nasa.gov,809266798,GET,/images/ksclogo-medium.gif,200,5866
791,1032015.ksc.nasa.gov,809266799,GET,/images/NASA-logosmall.gif,200,786
792,1032015.ksc.nasa.gov,809266799,GET,/images/MOSAIC-logosmall.gif,200,363
793,1032015.ksc.nasa.gov,809266799,GET,/images/USA-logosmall.gif,200,234
794,1032015.ksc.nasa.gov,809266799,GET,/images/WORLD-logosmall.gif,200,669
795,1032015.ksc.nasa.gov,809282601,GET,/ksc.html,200,7089
796,1032015.ksc.nasa.gov,809282602,GET,/images/ksclogo-medium.gif,200,5866
797,1032015.ksc.nasa.gov,809282602,GET,/images/NASA-logosmall.gif,200,786
798,1032015.ksc.nasa.gov,809282602,GET,/images/MOSAIC-logosmall.gif,200,363
799,1032015.ksc.nasa.gov,809282603,GET,/images/USA-logosmall.gif,200,234
800,1032015.ksc.nasa.gov,809282603,GET,/images/WORLD-logosmall.gif,200,669
801,1032015.ksc.nasa.gov,809291316,GET,/ksc.html,200,7089
802,1032015.ksc.nasa.gov,809291317,GET,/images/ksclogo-medium.gif,200,5866
803,1032015.ksc.nasa.gov,809291317,GET,/images/NASA-logosmall.gif,200,786
804,1032015.ksc.nasa.gov,809291318,GET,/images/MOSAIC-logosmall.gif,200,363
805,1032015.ksc.nasa.gov,809291318,GET,/images/USA-logosmall.gif,200,234
806,1032015.ksc.nasa.gov,809291318,GET,/images/WORLD-logosmall.gif,200,669
807,1032015.ksc.nasa.gov,809612432,GET,/ksc.html,200,7089
808,1032015.ksc.nasa.gov,809612433,GET,/images/ksclogo-medium.gif,200,5866
809,1032015.ksc.nasa.gov,809612434,GET,/images/NASA-logosmall.gif,200,786
810,1032015.ksc.nasa.gov,809612434,GET,/images/MOSAIC-logosmall.gif,200,363
811,1032015.ksc.nasa.gov,809612434,GET,/images/USA-logosmall.gif,200,234
812,1032015.ksc.nasa.gov,809612434,GET,/images/WORLD-logosmall.gif,200,669
813,1032015.ksc.nasa.gov,809613525,GET,/ksc.html,200,7089
814,1032015.ksc.nasa.gov,809613526,GET,/images/ksclogo-medium.gif,200,5866
815,1032015.ksc.nasa.gov,809613527,GET,/images/NASA-logosmall.gif,200,786
816,1032015.ksc.nasa.gov,809613527,GET,/images/MOSAIC-logosmall.gif,200,363
817,1032015.ksc.nasa.gov,809613527,GET,/images/USA-logosmall.gif,200,234
818,1032015.ksc.nasa.gov,809613527,GET,/images/WORLD-logosmall.gif,200,669
819,1032015.ksc.nasa.gov,809618004,GET,/ksc.html,200,7089
820,1032015.ksc.nasa.gov,809618005,GET,/images/ksclogo-medium.gif,200,5866
821,1032015.ksc.nasa.gov,809618005,GET,/images/NASA-logosmall.gif,200,786
822,1032015.ksc.nasa.gov,809618006,GET,/images/MOSAIC-logosmall.gif,200,363
823,1032015.ksc.nasa.gov,809618006,GET,/images/USA-logosmall.gif,200,234
824,1032015.ksc.nasa.gov,809618006,GET,/images/WORLD-logosmall.gif,200,669
825,1032015.ksc.nasa.gov,809630871,GET,/ksc.html,200,7089
826,1032015.ksc.nasa.gov,809630871,GET,/images/ksclogo-medium.gif,200,5866
827,1032015.ksc.nasa.gov,809630872,GET,/images/NASA-logosmall.gif,200,786
828,1032015.ksc.nasa.gov,809630872,GET,/images/MOSAIC-logosmall.gif,200,363
829,1032015.ksc.nasa.gov,809630872,GET,/images/USA-logosmall.gif,200,234
830,1032015.ksc.nasa.gov,809630873,GET,/images/WORLD-logosmall.gif,200,669
831,1032015.ksc.nasa.gov,809808113,GET,/ksc.html,200,7089
832,1032015.ksc.nasa.gov,809808114,GET,/images/ksclogo-medium.gif,200,5866
833,1032015.ksc.nasa.gov,809808115,GET,/images/NASA-logosmall.gif,200,786
834,1032015.ksc.nasa.gov,809808115,GET,/images/MOSAIC-logosmall.gif,200,363
835,1032015.ksc.nasa.gov,809808115,GET,/images/USA-logosmall.gif,200,234
836,1032015.ksc.nasa.gov,809808116,GET,/images/WORLD-logosmall.gif,200,669
837,1032015.ksc.nasa.gov,809809500,GET,/ksc.html,200,7089
838,1032015.ksc.nasa.gov,809809501,GET,/images/ksclogo-medium.gif,200,5866
839,1032015.ksc.nasa.gov,809809502,GET,/images/NASA-logosmall.gif,200,786
840,1032015.ksc.nasa.gov,809809502,GET,/images/MOSAIC-logosmall.gif,200,363
841,1032015.ksc.nasa.gov,809809502,GET,/images/USA-logosmall.gif,200,234
842,1032015.ksc.nasa.gov,809809502,GET,/images/WORLD-logosmall.gif,200,669
843,1032015.ksc.nasa.gov,809811011,GET,/ksc.html,200,7089
844,1032015.ksc.nasa.gov,809811012,GET,/images/ksclogo-medium.gif,200,5866
845,1032015.ksc.nasa.gov,809811013,GET,/images/NASA-logosmall.gif,200,786
846,1032015.ksc.nasa.gov,809811013,GET,/images/MOSAIC-logosmall.gif,200,363
847,1032015.ksc.nasa.gov,809811013,GET,/images/USA-logosmall.gif,200,234
848,1032015.ksc.nasa.gov,809811013,GET,/images/WORLD-logosmall.gif,200,669
849,1032015.ksc.nasa.gov,809872366,GET,/ksc.html,200,7089
850,1032015.ksc.nasa.gov,809872367,GET,/images/ksclogo-medium.gif,200,5866
851,1032015.ksc.nasa.gov,809872367,GET,/images/NASA-logosmall.gif,200,786
852,1032015.ksc.nasa.gov,809872367,GET,/images/MOSAIC-logosmall.gif,200,363
853,1032015.ksc.nasa.gov,809872368,GET,/images/USA-logosmall.gif,200,234
854,1032015.ksc.nasa.gov,809872368,GET,/images/WORLD-logosmall.gif,200,669
855,1032015.ksc.nasa.gov,809889013,GET,/ksc.html,200,7089
856,1032015.ksc.nasa.gov,809889014,GET,/images/ksclogo-medium.gif,200,5866
857,1032015.ksc.nasa.gov,809889014,GET,/images/NASA-logosmall.gif,200,786
858,1032015.ksc.nasa.gov,809889015,GET,/images/MOSAIC-logosmall.gif,200,363
859,1032015.ksc.nasa.gov,809889015,GET,/images/USA-logosmall.gif,200,234
860,1032015.ksc.nasa.gov,809889015,GET,/images/WORLD-logosmall.gif,200,669
861,1032ap.sscl.uwo.ca,804893242,GET,/shuttle/countdown/,200,3985
862,1032ap.sscl.uwo.ca,804893248,GET,/images/NASA-logosmall.gif,200,786
863,1032ap.sscl.uwo.ca,804893248,GET,/images/KSC-logosmall.gif,200,1204
864,1032ap.sscl.uwo.ca,804893256,GET,/shuttle/countdown/count.gif,200,40310
865,1032by.sscl.uwo.ca,809717634,GET,/images/,200,17688
866,1032by.sscl.uwo.ca,809717641,GET,/icons/blank.xbm,200,509
867,1032by.sscl.uwo.ca,809717641,GET,/icons/menu.xbm,200,527
868,1032by.sscl.uwo.ca,809717641,GET,/icons/image.xbm,200,509
869,1032by.sscl.uwo.ca,809717644,GET,/icons/unknown.xbm,200,515
870,105.4.med.umich.edu,805039543,GET,/history/apollo/apollo-11/apollo-11-patch-small.gif,200,11175
871,105.4.med.umich.edu,805039557,GET,/history/apollo/apollo-11/apollo-11.html,200,41397
872,105.4.med.umich.edu,805039569,GET,/images/ksclogosmall.gif,200,3635
873,105.4.med.umich.edu,805039569,GET,/history/apollo/images/footprint-logo.gif,200,4209
874,107.tcom.co.uk,809733107,GET,/history/history.html,200,1602
875,107.tcom.co.uk,809733112,GET,/history/apollo/images/apollo-small.gif,200,9630
876,107.tcom.co.uk,809733112,GET,/images/NASA-logosmall.gif,200,786
877,107.tcom.co.uk,809733112,GET,/images/KSC-logosmall.gif,200,1204
878,107.tcom.co.uk,809733153,GET,/shuttle/missions/missions.html,200,8677
879,107.tcom.co.uk,809733156,GET,/images/launchmedium.gif,200,11853
880,109-02.ic.uva.nl,806236516,GET,/shuttle/technology/images/sts_body_2-small.gif,200,30067
881,109-02.ic.uva.nl,806236567,GET,/shuttle/technology/images/sts_body_2-small.gif,200,30067
882,10forward.ppp.america.com,804930597,GET,/history/apollo/apollo-13/apollo-13.html,200,18114
883,10forward.ppp.america.com,804930601,GET,/history/apollo/apollo-13/apollo-13-patch-small.gif,200,12859
884,10forward.ppp.america.com,804930621,GET,/images/ksclogosmall.gif,200,3635
885,10forward.ppp.america.com,804930621,GET,/history/apollo/images/footprint-logo.gif,200,4209
886,10forward.ppp.america.com,804930652,GET,/facilities/lc39a.html,200,7008
887,10forward.ppp.america.com,804930656,GET,/images/lc39a-logo.gif,200,13116
888,10forward.ppp.america.com,804930663,GET,/images/kscmap-tiny.gif,200,2537
889,10forward.ppp.america.com,804930735,GET,/history/apollo/apollo-13/apollo-13.html,200,18114
890,10forward.ppp.america.com,804930754,GET,/facilities/mlp.html,200,2653
891,10forward.ppp.america.com,804930758,GET,/images/mlp-logo.gif,200,28426
892,10forward.ppp.america.com,804931785,GET,/history/apollo/apollo-13/apollo-13.html,200,18114
893,10forward.ppp.america.com,804931789,GET,/history/apollo/apollo-13/apollo-13-patch-small.gif,200,12859
894,10forward.ppp.america.com,804931807,GET,/images/ksclogosmall.gif,200,3635
895,10forward.ppp.america.com,804931807,GET,/history/apollo/images/footprint-logo.gif,200,4209
896,10forward.ppp.america.com,805760255,GET,/shuttle/technology/images/srb_16-small.gif,200,42732
897,10forward.ppp.america.com,805760354,GET,/shuttle/technology/images/sts_body_2-small.gif,200,30067
898,10forward.ppp.america.com,806800382,GET,/procurement/procurement.html,200,3499
899,10forward.ppp.america.com,806800387,GET,/images/op-logo-small.gif,304,0
900,10forward.ppp.america.com,806800400,GET,/images/NASA-logosmall.gif,304,0
901,10forward.ppp.america.com,806800400,GET,/images/KSC-logosmall.gif,304,0
902,10forward.ppp.america.com,807841365,GET,/ksc.html,200,7131
903,10forward.ppp.america.com,807841370,GET,/images/ksclogo-medium.gif,304,0
904,10forward.ppp.america.com,807841373,GET,/images/NASA-logosmall.gif,304,0
905,10forward.ppp.america.com,807841374,GET,/images/MOSAIC-logosmall.gif,304,0
906,10forward.ppp.america.com,807841374,GET,/images/USA-logosmall.gif,304,0
907,10forward.ppp.america.com,807841374,GET,/images/WORLD-logosmall.gif,304,0
908,10forward.ppp.america.com,807841399,GET,/whats-new.html,200,19338
909,10forward.ppp.america.com,807841403,GET,/images/whatsnew.gif,304,0
910,10forward.ppp.america.com,807841421,GET,/images/KSC-logosmall.gif,304,0
911,10forward.ppp.america.com,807841431,GET,/shuttle/countdown,302,0
912,10forward.ppp.america.com,807841436,GET,/shuttle/countdown/,200,4673
913,10forward.ppp.america.com,807841459,GET,/shuttle/missions/sts-69/count69.gif,200,46053
914,10forward.ppp.america.com,807841552,GET,/shuttle/missions/sts-69/liftoff.html,200,4665
915,10forward.ppp.america.com,807841580,GET,/shuttle/countdown/video/livevideo2.gif,200,69067
916,10forward.ppp.america.com,807842394,GET,/ksc.html,304,0
917,10forward.ppp.america.com,808190603,GET,/,200,7131
918,10md423.uni-duisburg.de,806848062,GET,/,200,7185
919,10md423.uni-duisburg.de,806848072,GET,/images/ksclogo-medium.gif,200,5866
920,10md423.uni-duisburg.de,806848091,GET,/images/MOSAIC-logosmall.gif,200,363
921,10md423.uni-duisburg.de,806848095,GET,/images/WORLD-logosmall.gif,200,669
922,10md423.uni-duisburg.de,806848097,GET,/images/USA-logosmall.gif,200,234
923,10md423.uni-duisburg.de,806848102,GET,/images/NASA-logosmall.gif,200,786
924,10md423.uni-duisburg.de,806848170,GET,/shuttle/missions/sts-71/movies/movies.html,200,3381
925,10md423.uni-duisburg.de,806848188,GET,/shuttle/missions/sts-71/sts-71-patch-small.gif,200,12054
926,10md423.uni-duisburg.de,806848640,GET,/shuttle/missions/sts-71/sts-71-patch.jpg,200,49152
927,10md423.uni-duisburg.de,808477893,GET,/history/apollo/apollo-13/apollo-13.html,200,18556
928,10md423.uni-duisburg.de,808477894,GET,/history/apollo/apollo-13/apollo-13-patch-small.gif,200,12859
929,10md423.uni-duisburg.de,808477907,GET,/images/ksclogosmall.gif,200,3635
930,10md423.uni-duisburg.de,808477907,GET,/history/apollo/images/footprint-logo.gif,200,4209
931,10md423.uni-duisburg.de,808478220,GET,/shuttle/missions/missions.html,200,8677
932,10md423.uni-duisburg.de,808478222,GET,/images/launchmedium.gif,200,11853
933,10md423.uni-duisburg.de,808478233,GET,/images/KSC-logosmall.gif,200,1204
934,10md423.uni-duisburg.de,808478233,GET,/images/NASA-logosmall.gif,200,786
935,10md423.uni-duisburg.de,808478253,GET,/shuttle/missions/61-b/mission-61-b.html,200,6470
936,10md423.uni-duisburg.de,808478259,GET,/shuttle/missions/61-b/61-b-patch-small.gif,200,12722
937,10md423.uni-duisburg.de,808478260,GET,/images/launch-logo.gif,200,1713
938,10md423.uni-duisburg.de,808478260,GET,/history/apollo/images/apollo-logo1.gif,200,1173
939,10md423.uni-duisburg.de,808478304,GET,/shuttle/missions/51-l/mission-51-l.html,200,6660
940,10md423.uni-duisburg.de,808478305,GET,/shuttle/missions/51-l/51-l-patch-small.gif,200,10495
941,10md423.uni-duisburg.de,808478368,GET,/shuttle/missions/51-l/51-l-info.html,200,1387
942,10md423.uni-duisburg.de,808478380,GET,/shuttle/resources/orbiters/challenger.html,200,8089
943,10md423.uni-duisburg.de,808478381,GET,/shuttle/resources/orbiters/challenger-logo.gif,200,4179
944,10md423.uni-duisburg.de,808478388,GET,/shuttle/resources/orbiters/orbiters-logo.gif,200,1932
945,10md423.uni-duisburg.de,808478421,GET,/shuttle/resources/orbiters/orbiters.html,200,2178
946,10md423.uni-duisburg.de,808478422,GET,/images/landing-small.gif,200,16966
947,10md423.uni-duisburg.de,808478431,GET,/shuttle/resources/orbiters/columbia.html,200,6922
948,10md423.uni-duisburg.de,808478432,GET,/shuttle/resources/orbiters/columbia-logo.gif,200,11417
949,10md423.uni-duisburg.de,808478472,GET,/shuttle/resources/orbiters/discovery.html,200,6849
950,10md423.uni-duisburg.de,808478473,GET,/shuttle/resources/orbiters/discovery-logo.gif,200,4179
951,10md423.uni-duisburg.de,808478516,GET,/shuttle/resources/orbiters/atlantis.html,200,7025
952,10md423.uni-duisburg.de,808478517,GET,/shuttle/resources/orbiters/atlantis-logo.gif,200,4179
953,10md423.uni-duisburg.de,808478556,GET,/shuttle/resources/orbiters/endeavour.html,200,6168
954,10md423.uni-duisburg.de,808478557,GET,/shuttle/resources/orbiters/endeavour-logo.gif,200,5052
955,10md423.uni-duisburg.de,808478638,GET,/images/construct.gif,200,1414
956,10md423.uni-duisburg.de,808481145,GET,/shuttle/resources/orbiters/enterprise.html,200,9732
957,10md423.uni-duisburg.de,808481146,GET,/shuttle/resources/orbiters/enterprise-logo.gif,200,25257
958,10md423.uni-duisburg.de,808481159,GET,/images/landing-logo.gif,200,2582
959,10md423.uni-duisburg.de,808481384,GET,/ksc.html,200,7131
960,10md423.uni-duisburg.de,808481388,GET,/images/MOSAIC-logosmall.gif,200,363
961,10md423.uni-duisburg.de,808481388,GET,/images/USA-logosmall.gif,200,234
962,10md423.uni-duisburg.de,808481388,GET,/images/WORLD-logosmall.gif,200,669
963,10md423.uni-duisburg.de,808481390,GET,/images/ksclogo-medium.gif,200,5866
964,11.ts1.mnet.medstroms.se,807637425,GET,/,200,7034
965,11.ts1.mnet.medstroms.se,807637426,GET,/images/ksclogo-medium.gif,200,5866
966,11.ts1.mnet.medstroms.se,807637428,GET,/images/NASA-logosmall.gif,200,786
967,11.ts1.mnet.medstroms.se,807637428,GET,/images/MOSAIC-logosmall.gif,200,363
968,11.ts1.mnet.medstroms.se,807637430,GET,/images/USA-logosmall.gif,200,234
969,11.ts1.mnet.medstroms.se,807637430,GET,/images/WORLD-logosmall.gif,200,669
970,11.ts1.mnet.medstroms.se,809415472,GET,/ksc.html,200,7089
971,11.ts1.mnet.medstroms.se,809415473,GET,/images/ksclogo-medium.gif,200,5866
972,11.ts1.mnet.medstroms.se,809415486,GET,/images/NASA-logosmall.gif,200,786
973,11.ts1.mnet.medstroms.se,809415486,GET,/images/MOSAIC-logosmall.gif,200,363
974,11.ts1.mnet.medstroms.se,809415486,GET,/images/USA-logosmall.gif,200,234
975,11.ts1.mnet.medstroms.se,809415486,GET,/images/WORLD-logosmall.gif,200,669
976,11.ts2.mnet.medstroms.se,804794217,GET,/shuttle/countdown/count.gif,200,40310
977,11.ts2.mnet.medstroms.se,804794270,GET,/images/NASA-logosmall.gif,200,786
978,11.ts2.mnet.medstroms.se,804794270,GET,/images/KSC-logosmall.gif,200,1204
979,11.ts2.mnet.medstroms.se,804794696,GET,/,200,7074
980,11.ts2.mnet.medstroms.se,804794703,GET,/images/ksclogo-medium.gif,200,5866
981,11.ts2.mnet.medstroms.se,804794733,GET,/images/MOSAIC-logosmall.gif,200,363
982,11.ts2.mnet.medstroms.se,804794733,GET,/images/USA-logosmall.gif,200,234
983,11.ts2.mnet.medstroms.se,804794750,GET,/images/WORLD-logosmall.gif,200,669
984,11.ts2.mnet.medstroms.se,804794784,GET,/shuttle/countdown/,200,3985
985,11.ts2.mnet.medstroms.se,804794794,GET,/shuttle/countdown/count.gif,200,40310
986,11.ts2.mnet.medstroms.se,804794930,GET,/facts/about_ksc.html,200,3977
987,11.ts2.mnet.medstroms.se,804794939,GET,/images/launchpalms-small.gif,200,11473
988,110.the-spa.com,809306873,GET,/,200,7089
989,110.the-spa.com,809306905,GET,/shuttle/missions/sts-71/movies/movies.html,200,3381
990,110.the-spa.com,809306942,GET,/shuttle/missions/sts-70/movies/movies.html,200,2979
991,118.32.med.umich.edu,808519221,GET,/shuttle/missions/sts-69/mission-sts-69.html,200,11836
992,118.32.med.umich.edu,808519222,GET,/shuttle/missions/sts-69/sts-69-patch-small.gif,200,8083
993,118.32.med.umich.edu,808519224,GET,/images/launch-logo.gif,200,1713
994,118.32.med.umich.edu,808519224,GET,/history/apollo/images/apollo-logo1.gif,200,1173
995,118.32.med.umich.edu,808519227,GET,/images/KSC-logosmall.gif,200,1204
996,118.32.med.umich.edu,808519268,GET,/shuttle/resources/orbiters/endeavour.html,200,6168
997,118.32.med.umich.edu,808519269,GET,/shuttle/resources/orbiters/endeavour-logo.gif,200,5052
998,118.32.med.umich.edu,808519269,GET,/images/ksclogosmall.gif,200,3635